,id,artists,name,genre,danceability,energy,key,loudness,mode,speechiness,acousticness,instrumentalness,liveness,valence,tempo,duration_ms,time_signature
0,4Hf6kEGsZmIdTzar565Gn1,23,Selfmade,hiphop,0.436,0.552,9,-12.551,0,0.331,0.18,0.0,0.0567,0.846,91.067,131244,1
1,3CgP1CxtvZgIYomCNuP5jG,Sickan,GET THE POINT,hiphop,0.961,0.62,10,-8.978,0,0.241,0.514,0.000281,0.113,0.685,124.017,178064,4
2,7kfL2aZ4AuhkTEEDwhK83f,Yasin,On Sight,hiphop,0.79,0.665,11,-6.385,0,0.121,0.214,0.0276,0.118,0.375,168.033,130000,4
3,2g8HN35AnVGIk7B8yMucww,The Notorious B.I.G.,Big Poppa - 2005 Remaster,hiphop,0.78,0.575,9,-7.247,0,0.273,0.43,0.0,0.143,0.773,84.492,252747,4
4,503OTo2dSqe7qk76rgsbep,Dr. Dre & Snoop Dogg,Still D.R.E.,hiphop,0.816,0.775,11,-3.323,1,0.234,0.16,0.00031,0.0543,0.527,93.431,270587,4
5,1AHfovSnGPVYKaahRtA0U6,Nas,The Message,hiphop,0.614,0.543,5,-7.178,1,0.374,0.00776,3.28e-05,0.383,0.485,178.422,234093,4
6,4wEbikMfcSFAukCbbL06si,Ice Cube,No Vaseline,hiphop,0.575,0.927,4,-5.511,0,0.395,0.0383,0.0,0.0623,0.473,105.567,313547,4
7,4Li2WHPkuyCdtmokzW2007,JAY-Z & Kanye West,Ni**as In Paris,hiphop,0.789,0.858,1,-5.542,1,0.311,0.127,0.0,0.349,0.775,140.022,219333,4
8,6KIKRz9eSTXdNsGUnomdtW,N.W.A.,Straight Outta Compton,hiphop,0.834,0.878,8,-9.484,1,0.15,0.0461,0.0,0.334,0.418,102.848,258688,4
9,1Sgj10byiGzPpI2IrXSFEn,Wu-Tang Clan & RZA & Method Man & Inspectah Deck & Raekwon & U-God & Ol' Dirty Bastard & Ghostface Killah & GZA,"Protect Ya Neck (feat. RZA, Method Man, Inspectah Deck, Raekwon, U-God, Ol' Dirty Bastard, Ghostface Killah & GZA)",hiphop,0.817,0.552,8,-10.8,0,0.385,0.0318,7.01e-06,0.826,0.808,102.011,291067,4
10,2KFg8kjYy0rYjWsXGhEQHN,The Notorious B.I.G.,Who Shot Ya? - 2005 Remaster,hiphop,0.831,0.682,7,-5.697,1,0.238,0.256,0.0,0.494,0.6,91.771,319360,4
11,4anqYZt4APNlFwQixpbdZR,Method Man & Redman,Da Rockwilder,hiphop,0.612,0.659,6,-6.995,0,0.406,0.0137,0.0,0.417,0.393,99.137,136093,4
12,561jH07mF1jHuk7KlaeF0s,Eminem,Mockingbird,hiphop,0.637,0.678,0,-3.798,1,0.266,0.209,0.0,0.156,0.254,84.039,250760,4
13,7G3lxTsMfSx4yarMkfgnTC,Nas,The World Is Yours,hiphop,0.678,0.794,10,-6.186,0,0.14,0.274,1.68e-06,0.124,0.54,87.374,290573,4
14,0XRbYXQUymj9SJkrr8YK5B,2Pac,Keep Ya Head Up,hiphop,0.598,0.732,4,-7.013,1,0.425,0.144,0.0,0.508,0.595,172.329,262507,4
15,2Ih217RCGAmyQR68Nn7Cqo,Ice Cube,You Know How We Do It,hiphop,0.747,0.52,10,-10.523,0,0.0357,0.0977,0.0537,0.142,0.601,92.869,232773,4
16,28AvvchUP85ihRe9xCzcfB,EPMD,Da Joint,hiphop,0.734,0.466,10,-8.658,0,0.464,0.243,0.0,0.106,0.788,89.318,208360,4
17,6sCtddSFg3foJn4K2pIhfQ,Makaveli,Hail Mary,hiphop,0.696,0.636,10,-6.915,0,0.335,0.158,1.28e-05,0.338,0.358,81.593,309800,4
18,7KwZNVEaqikRSBSpyhXK2j,The Notorious B.I.G.,Hypnotize - 2014 Remaster,hiphop,0.901,0.697,9,-3.439,1,0.28,0.145,0.0,0.287,0.67,93.941,229827,4
19,15qrWkkYCfmtu1uRpGf48L,Eminem,White America,hiphop,0.558,0.615,1,-5.641,1,0.229,0.0103,0.0,0.105,0.16,76.673,324547,4
20,1dF5Y2dd7Wm4wZKvVjWBpr,Bone Thugs-N-Harmony,1st of Tha Month,hiphop,0.729,0.581,5,-8.235,0,0.18,0.0777,3.81e-06,0.696,0.508,74.038,314680,4
21,0trHOzAhNpGCsGBEu7dOJo,Nas,N.Y. State of Mind,hiphop,0.665,0.91,6,-4.682,0,0.223,0.0394,0.0,0.227,0.887,84.099,293973,4
22,5g9lS8deSIxItFBmZRC4vN,2Pac,Ambitionz Az A Ridah,hiphop,0.801,0.91,2,-6.566,1,0.225,0.00239,0.000891,0.0737,0.805,87.277,278387,4
23,1BKT2I9x4RGKaKqW4up34s,DMX,Ruff Ryders' Anthem,hiphop,0.88,0.577,10,-8.093,0,0.302,0.0564,1.02e-06,0.201,0.74,90.991,214440,4
24,4H3eeEecmb1lIqUfo99d8G,Makaveli,To Live And Die In L.A.,hiphop,0.579,0.818,9,-7.635,0,0.313,0.241,0.0,0.775,0.753,173.832,273427,4
25,0zO8ctW0UiuOefR87OeJOZ,ScHoolboy Q & Kendrick Lamar,Collard Greens,hiphop,0.825,0.575,11,-4.87,1,0.0633,0.025,9.94e-06,0.205,0.65,153.954,299960,4
26,3iVcZ5G6tvkXZkZKlMpIUs,Kendrick Lamar,Alright,hiphop,0.796,0.766,7,-5.974,1,0.238,0.0742,0.0,0.0827,0.558,110.034,219333,4
27,2p9sprAX27D6U5cuSE9NsM,Rakim,When I B On Tha Mic,hiphop,0.836,0.484,2,-7.332,1,0.327,0.0454,0.0,0.0557,0.839,95.941,222933,4
28,5Tl0HJvynZtKdSUMKbFVVX,JAY-Z,Hard Knock Life (Ghetto Anthem),hiphop,0.884,0.679,10,-5.857,0,0.282,0.0957,0.00209,0.0289,0.591,76.993,238467,4
29,0Z2J91b2iTGLVTZC4fKgxf,2Pac & Outlawz,Hit 'Em Up - Single Version,hiphop,0.916,0.844,7,-3.967,1,0.236,0.0394,0.0,0.0778,0.586,95.19,312627,4
30,5PQmSHzWnlgG4EBuIqjac2,Nas & Ms. Lauryn Hill,If I Ruled the World (Imagine That) (feat. Lauryn Hill),hiphop,0.879,0.564,10,-7.682,0,0.247,0.0474,9.43e-06,0.0519,0.523,93.908,282373,4
31,3bOvAqhaZNSWpGVIvHEx8B,The Notorious B.I.G.,Everyday Struggle - 2005 Remaster,hiphop,0.913,0.712,1,-6.455,0,0.265,0.0643,0.00176,0.117,0.449,96.145,319320,4
32,7BMO7O7ImjV8HNTH74Tshv,Eminem,Cleanin' Out My Closet,hiphop,0.908,0.758,9,-4.753,0,0.174,0.0687,0.0,0.0783,0.87,148.015,297840,4
33,3ABG1UQTk0eLYUAeWkmfMi,Ol' Dirty Bastard,Shimmy Shimmy Ya,hiphop,0.814,0.481,0,-5.183,1,0.245,0.097,3.83e-05,0.0495,0.193,96.252,161400,4
34,2vfvGlqCB7oertO5VLE0sz,Outkast,ATLiens,hiphop,0.918,0.734,11,-2.832,0,0.269,0.0296,8.01e-06,0.191,0.608,97.044,230693,4
35,1qZqFtSINOOmjYH1UE9805,2Pac,Life Goes On,hiphop,0.644,0.846,7,-5.443,1,0.275,0.124,0.0,0.353,0.503,79.182,301600,4
36,41bIQPBE1lFN0mmw6Lmssz,50 Cent & Nate Dogg,21 Questions,hiphop,0.576,0.807,6,-3.908,0,0.317,0.353,0.000363,0.0512,0.908,90.012,224427,4
37,6DPrhGVJ1WTZvM9fKptnGe,Nas,Represent,hiphop,0.708,0.832,1,-4.964,1,0.318,0.02,2.8e-06,0.189,0.618,92.428,252600,4
38,19FsxX4RthRMZGfXkImdCb,The Notorious B.I.G.,Notorious Thugs - 2014 Remaster,hiphop,0.704,0.873,11,-4.057,0,0.144,0.121,5.12e-06,0.24,0.742,154.914,366880,4
39,7qHAjAL7CpadaZLamuBZRm,Bone Thugs-N-Harmony,Thuggish Ruggish Bone,hiphop,0.683,0.74,11,-6.041,0,0.0462,0.00228,0.0,0.238,0.65,129.515,281773,4
40,7lQ8MOhq6IN2w8EYcFNSUk,Eminem,Without Me,hiphop,0.908,0.669,7,-2.827,1,0.0738,0.00286,0.0,0.237,0.662,112.238,290320,4
41,5ujh1I7NZH5agbwf7Hp8Hc,Kendrick Lamar,Swimming Pools (Drank) - Extended Version,hiphop,0.716,0.485,1,-7.745,1,0.404,0.123,2.69e-05,0.604,0.26,74.132,313787,4
42,5stZnlPMYz3Ba8Hbo3ajlP,Xzibit,X,hiphop,0.936,0.678,4,-3.012,0,0.21,0.0795,0.0,0.0838,0.822,96.911,255640,4
43,3JdyhQORbJkCWT8xfLd8gD,Eazy-E & Ice Cube & DJ Yella,Boyz-N-The-Hood - Remix,hiphop,0.837,0.692,7,-4.251,1,0.337,0.0383,0.0,0.212,0.805,87.775,379733,4
44,3gY6tiCNsuVi6s8kPV6aQg,Nas,Nas Is Like,hiphop,0.634,0.845,11,-5.058,0,0.352,0.00602,5.29e-06,0.0598,0.929,94.0,237027,4
45,3ia3dJETSOllPsv3LJkE35,2Pac & Roger & Dr. Dre,California Love - Original Version,hiphop,0.763,0.85,7,-3.052,1,0.0417,0.0304,1.21e-06,0.371,0.761,91.519,284907,4
46,2qOm7ukLyHUXWyR4ZWLwxA,Ice Cube,It Was A Good Day,hiphop,0.798,0.744,7,-5.328,0,0.136,0.33,0.000106,0.292,0.794,82.356,260000,4
47,1Z7C8ClE8UEaH70jCCeJH2,The Notorious B.I.G.,Ten Crack Commandments - 2014 Remaster,hiphop,0.612,0.85,1,-4.703,1,0.5,0.0393,0.0,0.255,0.781,173.497,204027,4
48,3F3R4uyTMkX9jRCEVVmdz6,Method Man,Bring The Pain,hiphop,0.835,0.456,6,-10.195,0,0.266,0.38,0.00359,0.16,0.224,101.889,189760,4
49,7bHT9osSq1rwT2yaImzqCi,Eminem & Lil Wayne,No Love,hiphop,0.522,0.932,11,-2.87,1,0.255,0.119,0.0,0.177,0.33,129.473,299507,4
50,2WfaOiMkCvy7F5fcp2zZ8L,a-ha,Take on Me,pop,0.573,0.902,6,-7.638,0,0.054,0.018,0.00125,0.0928,0.876,84.412,225280,4
51,3ZFTkvIE7kyPt6Nu3PEa7V,Shakira & Wyclef Jean,Hips Don't Lie (feat. Wyclef Jean),pop,0.778,0.824,10,-5.892,0,0.0707,0.284,0.0,0.405,0.758,100.024,218093,4
52,2374M0fQpWi3dLnB54qaLX,TOTO,Africa,pop,0.671,0.373,9,-18.064,1,0.0323,0.257,8.01e-05,0.0481,0.732,92.718,295893,4
53,6I9VzXrHxO9rA9A5euc8Ak,Britney Spears,Toxic,pop,0.774,0.838,5,-3.914,0,0.114,0.0249,0.025,0.242,0.924,143.04,198800,4
54,1Je1IMUlBXcx1Fz0WE7oPT,Spice Girls,Wannabe,pop,0.768,0.864,11,-6.145,1,0.0324,0.101,0.0,0.162,0.891,110.008,173027,4
55,60nZcImufyMA1MKQY3dcCH,Pharrell Williams,"Happy - From ""Despicable Me 2""",pop,0.647,0.822,5,-4.662,0,0.183,0.219,0.0,0.0908,0.962,160.019,232720,4
56,0HPD5WQqrq7wPWR7P7Dw1i,Kesha,TiK ToK,pop,0.755,0.837,2,-2.718,0,0.142,0.0991,0.0,0.289,0.714,120.028,199693,4
57,1EzrEOXmMH3G43AXT1y7pA,Jason Mraz,I'm Yours,pop,0.703,0.444,11,-9.331,1,0.0417,0.559,0.0,0.0973,0.712,150.96,242947,4
58,2CEgGE6aESpnmtfiZwYlbV,Taio Cruz,Dynamite,pop,0.751,0.783,4,-3.724,1,0.0859,0.00379,0.0,0.036,0.816,119.975,202613,4
59,4wH4dJgrsxONID6KS2tDQM,Nelly Furtado,Maneater,pop,0.796,0.777,6,-4.81,1,0.0397,0.0261,0.000358,0.121,0.787,132.722,258893,4
60,5xEM5hIgJ1jjgcEBfpkt2F,Avril Lavigne,Complicated,pop,0.585,0.776,5,-5.898,1,0.0459,0.0572,7.74e-06,0.3,0.427,77.987,244507,4
61,2Cd9iWfcOpGDHLz6tVA3G4,Shakira & Freshlyground,Waka Waka (This Time for Africa) [The Official 2010 FIFA World Cup (TM) Song] (feat. Freshlyground),pop,0.766,0.873,11,-6.381,0,0.143,0.00627,0.0,0.0764,0.743,126.988,202627,4
62,0gmbgwZ8iqyMPmXefof8Yf,Nickelback,How You Remind Me,pop,0.446,0.764,10,-5.042,1,0.033,0.00135,0.0,0.099,0.543,172.094,223840,4
63,6ECp64rv50XVz93WvxXMGF,Maroon 5,This Love,pop,0.712,0.862,5,-4.612,0,0.0378,0.0525,0.0,0.093,0.809,95.051,206200,4
64,3DamFFqW32WihKkTVlwTYQ,Owl City,Fireflies,pop,0.512,0.662,3,-6.797,1,0.0439,0.0275,0.0,0.118,0.472,180.114,228347,4
65,3MjUtNVVq3C8Fn0MP3zhXa,Britney Spears,...Baby One More Time,pop,0.759,0.699,0,-5.745,0,0.0307,0.202,0.000131,0.443,0.907,92.96,211067,4
66,0xmjwnQ3FNE6HuWCt2nHdZ,Black Eyed Peas,Where Is The Love?,pop,0.834,0.699,5,-3.222,1,0.178,0.111,0.0,0.131,0.809,94.086,272533,4
67,0cGG2EouYCEEC3xfa0tDFV,Soft Cell,Tainted Love,pop,0.5,0.501,0,-8.284,0,0.0376,0.462,0.0,0.26,0.623,144.438,153800,4
68,4bJygwUKrRgq1stlNXcgMg,t.A.T.u.,All The Things She Said,pop,0.603,0.834,5,-5.766,0,0.0417,0.0411,0.00609,0.105,0.376,89.957,214440,4
69,7ygpwy2qP3NbrxVkHvUhXY,Oasis,Wonderwall - Remastered,pop,0.375,0.893,2,-4.097,1,0.0406,0.000509,0.0,0.187,0.434,174.323,258773,4
70,6naxalmIoLFWR0siv8dnQQ,Britney Spears,Oops!...I Did It Again,pop,0.751,0.834,1,-5.444,0,0.0437,0.3,1.77e-05,0.355,0.894,95.053,211160,4
71,4w1lzcaoZ1IC2K5TwjalRP,Vanessa Carlton,A Thousand Miles,pop,0.56,0.825,11,-3.862,1,0.0379,0.323,0.0,0.161,0.268,94.931,237493,4
72,00Mb3DuaIH1kjrwOku9CGU,Avril Lavigne,Sk8er Boi,pop,0.487,0.9,0,-4.417,1,0.0482,6.79e-05,0.0,0.358,0.484,149.937,204000,4
73,3U5JVgI2x4rDyHGObzJfNf,Natasha Bedingfield,Unwritten,pop,0.706,0.8,5,-6.333,1,0.0399,0.00584,0.0,0.0822,0.629,100.011,259333,4
74,1NhPKVLsHhFUHIOZ32QnS2,OneRepublic,Secrets,pop,0.516,0.764,2,-6.223,1,0.0366,0.0717,0.0,0.115,0.376,148.021,224693,4
75,7ElF5zxOwYP4qVSWVvse3W,Taio Cruz,Break Your Heart,pop,0.607,0.934,3,-4.217,1,0.0314,0.0327,0.0,0.0909,0.568,122.01,201547,4
76,5hnyJvgoWiQUYZttV4wXy6,Snow Patrol,Chasing Cars,pop,0.56,0.595,9,-4.53,1,0.0274,0.199,6.47e-05,0.132,0.144,104.011,267960,4
77,2lnzGkdtDj5mtlcOW2yRtG,Shakira,"Whenever, Wherever",pop,0.794,0.832,1,-4.862,0,0.0407,0.237,1.14e-05,0.203,0.871,107.657,196160,4
78,4fXGWiVhlOLdhwRDP6pIFG,Fools Garden,Lemon Tree,pop,0.663,0.475,1,-8.834,1,0.0417,0.643,0.0,0.122,0.644,143.175,191027,4
79,6lV2MSQmRIkycDScNtrBXO,B.o.B & Hayley Williams,Airplanes (feat. Hayley Williams of Paramore),pop,0.66,0.867,6,-4.285,0,0.116,0.11,0.0,0.0368,0.377,93.033,180480,4
80,4JGKZS7h4Qa16gOU3oNETV,The Cranberries,Dreams,pop,0.551,0.643,4,-13.091,1,0.0353,0.00313,0.00385,0.421,0.514,128.661,271560,4
81,3GpbwCm3YxiWDvy29Uo3vP,Flo Rida,Right Round,pop,0.72,0.672,7,-6.852,1,0.0551,0.009,0.0,0.232,0.705,124.986,204640,4
82,7FDV5ELOJHCGLe52AnttEd,Shaggy & Rayvon,Angel,pop,0.74,0.766,6,-2.939,1,0.178,0.116,0.0,0.0406,0.807,170.531,235133,4
83,1z3ugFmUKoCzGsI6jdY4Ci,Madonna,Like a Prayer,pop,0.624,0.842,5,-5.285,1,0.0376,0.264,2.11e-05,0.181,0.257,111.037,342680,4
84,52LJ3hyknOijCrE5gCD0rE,Gigi D'Agostino,L'Amour Toujours,pop,0.638,0.877,7,-4.449,1,0.0302,0.0771,0.0221,0.364,0.743,139.052,242053,4
85,3ibKnFDaa3GhpPGlOUj7ff,Mario,Let Me Love You,pop,0.656,0.578,7,-8.97,0,0.0922,0.235,0.0,0.118,0.556,94.514,256733,4
86,66ZcOcouenzZEnzTJvoFmH,Gwen Stefani & Akon,The Sweet Escape,pop,0.756,0.77,1,-3.502,1,0.0343,0.191,0.0,0.178,0.73,119.961,246467,4
87,1SssFw74DdHVjRa6ADggdD,Inner Circle,Sweat (A La La La La Long),pop,0.787,0.728,0,-7.705,1,0.218,0.0124,0.0,0.157,0.94,173.026,227067,4
88,2Ms33RTRCT6gArrpcrPxmo,Robbie Williams,Feel,pop,0.599,0.732,5,-6.843,1,0.026,0.0145,0.000467,0.143,0.295,97.997,263867,4
89,3TGRqZ0a2l1LRblBkJoaDx,Carly Rae Jepsen,Call Me Maybe,pop,0.783,0.58,7,-6.548,1,0.0408,0.0114,2.28e-06,0.108,0.66,120.021,193400,4
90,46RVKt5Edm1zl0rXhPJZxz,Men At Work,Down Under,pop,0.746,0.79,11,-4.7,0,0.0257,0.0485,0.0261,0.0534,0.891,107.231,220867,4
91,11mwFrKvLXCbcVGNxffGyP,Christina Aguilera,Genie In a Bottle,pop,0.633,0.8,1,-6.945,1,0.166,0.209,0.000123,0.137,0.913,175.716,217573,4
92,3QHONiXGMGU3z68mQInncF,Diddy & Faith Evans & 112,I'll Be Missing You (feat. 112),pop,0.862,0.479,7,-9.199,1,0.0645,0.0523,0.00126,0.589,0.924,109.877,301520,4
93,2IHaGyfxNoFPLJnaEg4GTs,Haddaway,"What Is Love - 7"" Mix",pop,0.683,0.772,7,-7.907,0,0.0311,0.0222,0.0149,0.203,0.737,123.871,270373,4
94,3kMrazSvILsgcwtidZd1Qd,La Roux,Bulletproof,pop,0.674,0.882,3,-2.771,0,0.0477,0.000441,6.47e-05,0.068,0.682,123.016,205733,4
95,2Mpj1Ul5OFPyyP4wB62Rvi,Destiny's Child,Survivor,pop,0.514,0.911,1,-2.027,0,0.41,0.0559,0.0,0.775,0.619,161.109,254027,4
96,4P0osvTXoSYZZC2n8IFH3c,Maroon 5 & Wiz Khalifa,Payphone,pop,0.739,0.756,4,-4.828,1,0.0394,0.0136,0.0,0.37,0.523,110.028,231387,4
97,4T4NLIMypdmyUwK54jECk4,JoJo,Too Little Too Late,pop,0.421,0.799,6,-5.183,0,0.0562,0.00871,1.63e-05,0.0794,0.731,82.408,221720,4
98,2aGw77pZqli064JiPuXYRi,Nelly Furtado,I'm Like A Bird,pop,0.623,0.607,10,-5.113,1,0.0353,0.147,3.29e-06,0.227,0.614,89.654,243160,4
99,3TCauNPqFiniaYHBvEVoHG,Christina Aguilera,Beautiful,pop,0.456,0.573,5,-3.866,0,0.0275,0.578,3.05e-06,0.114,0.0992,76.19,238560,4
100,0LzrhCZFXW94Y8nwtTuRlw,Gwen Stefani,Hollaback Girl,pop,0.926,0.916,10,-2.221,0,0.0929,0.35,6.17e-06,0.0234,0.904,110.007,199853,4
101,6e40mgJiCid5HRAGrbpGA6,Backstreet Boys,I Want It That Way,pop,0.689,0.702,6,-5.642,0,0.0261,0.216,0.0,0.159,0.484,99.031,213600,4
102,3oobWqIgYrSRg18uqRuPIF,Jamelia,Superstar,pop,0.801,0.645,1,-6.93,1,0.0356,0.0457,0.0,0.0357,0.824,110.01,215480,4
103,1X1DWw2pcNZ8zSub3uhlNz,The Script & will.i.am,Hall of Fame (feat. will.i.am),pop,0.421,0.873,10,-4.343,1,0.0564,0.0654,0.0,0.123,0.629,84.786,202533,4
104,42nSaPdT6g3ZIMHmKLlP2p,Jennifer Lopez,Let's Get Loud,pop,0.82,0.937,5,-4.81,0,0.0549,0.135,0.000122,0.35,0.906,130.992,239400,4
105,1gZ7i4qxXkHZb1r6eioaAP,The Pussycat Dolls & Busta Rhymes,Don't Cha,pop,0.877,0.637,1,-3.493,0,0.101,0.00516,2.5e-06,0.0959,0.569,119.988,272080,4
106,4stm6lf1vQBSl7Eq4Npzr0,Mattafix,Big City Life,pop,0.69,0.618,2,-9.36,1,0.0904,0.0175,3.26e-06,0.0891,0.733,174.038,240893,4
107,3DOxMCaNBNvnjSzpHUSjE3,JoJo,Leave (Get Out),pop,0.697,0.565,5,-6.899,1,0.201,0.161,4.73e-05,0.082,0.457,87.043,242840,4
108,16MJqq0vEuW6GRX6faetTm,Atomic Kitten,Whole Again,pop,0.747,0.706,4,-4.653,1,0.0413,0.0844,0.00355,0.174,0.567,94.019,185013,4
109,003vvx7Niy0yvhvHt4a68B,The Killers,Mr. Brightside,rock,0.352,0.911,1,-5.23,1,0.0747,0.00121,0.0,0.0995,0.236,148.033,222973,4
110,2HZLXBOnaSRhXStMLrq9fD,Ghost,Mary On A Cross,rock,0.466,0.9,11,-4.469,1,0.0447,0.000235,0.00104,0.103,0.561,130.02,244804,4
111,37ZJ0p5Jm13JPevGcx4SkF,Bon Jovi,Livin' On A Prayer,rock,0.532,0.887,0,-3.757,1,0.0335,0.0778,0.000214,0.294,0.795,122.511,249293,4
112,60a0Rd6pjrkxjPbaKzXjfq,Linkin Park,In the End,rock,0.556,0.864,3,-5.87,0,0.0584,0.00958,0.0,0.209,0.4,105.143,216880,4
113,08mG3Y1vljYA6bvDt4Wqkj,AC/DC,Back In Black,rock,0.31,0.7,9,-5.678,1,0.047,0.011,0.00965,0.0828,0.763,188.386,255493,4
114,40riOy7x9W7GXjyGp4pjAv,Eagles,Hotel California - 2013 Remaster,rock,0.579,0.508,2,-9.484,1,0.027,0.00574,0.000494,0.0575,0.609,147.125,391376,4
115,2374M0fQpWi3dLnB54qaLX,TOTO,Africa,rock,0.671,0.373,9,-18.064,1,0.0323,0.257,8.01e-05,0.0481,0.732,92.718,295893,4
116,0ofHAoxe9vBkTCp2UQIavz,Fleetwood Mac,Dreams - 2004 Remaster,rock,0.828,0.492,0,-9.744,1,0.0276,0.0644,0.00428,0.128,0.789,120.151,257800,4
117,2DlHlPMa4M17kufBvI2lEN,System Of A Down,Chop Suey!,rock,0.417,0.934,7,-3.908,0,0.119,0.000278,0.0015,0.132,0.287,127.066,210240,4
118,2Cdvbe2G4hZsnhNMKyGrie,Joan Jett & the Blackhearts,I Love Rock 'N Roll,rock,0.535,0.716,4,-5.025,1,0.0431,0.326,0.0,0.659,0.901,94.379,175173,4
119,48UPSzbZjgc449aqz8bxox,Red Hot Chili Peppers,Californication,rock,0.592,0.767,9,-2.788,0,0.027,0.0021,0.00165,0.127,0.328,96.483,329733,4
120,07q0QVgO56EorrSGHC48y3,KISS,I Was Made For Lovin' You,rock,0.768,0.852,4,-6.215,1,0.038,0.214,7.36e-05,0.0723,0.867,128.373,271240,4
121,2nLtzopw4rPReszdYBJU6h,Linkin Park,Numb,rock,0.496,0.863,9,-4.153,1,0.0381,0.0046,0.0,0.639,0.243,110.018,185587,4
122,7e89621JPkKaeDSTQ3avtg,Lynyrd Skynyrd,Sweet Home Alabama,rock,0.596,0.605,7,-12.145,1,0.0255,0.181,0.000331,0.0863,0.886,97.798,283800,4
123,6gqW48WKOxrBEG2KfShI8W,Alice Merton,No Roots,rock,0.863,0.657,7,-7.295,1,0.105,0.264,0.00619,0.0713,0.829,115.958,235813,4
124,2zYzyRzz6pRmhPzyfMEC8s,AC/DC,Highway to Hell,rock,0.574,0.913,6,-4.793,0,0.133,0.061,0.00158,0.156,0.423,115.728,208400,4
125,0GONea6G2XdnHWjNZd6zt3,Bryan Adams,Summer Of '69,rock,0.508,0.834,2,-6.205,1,0.0386,0.0183,0.0,0.0732,0.774,139.131,216053,4
126,0ntQJM78wzOLVeCUAW7Y45,Kings of Leon,Sex on Fire,rock,0.542,0.905,9,-5.653,1,0.054,0.00172,0.0104,0.136,0.374,153.398,203347,4
127,2m1hi0nfMR9vdGC8UcrnwU,blink-182,All The Small Things,rock,0.434,0.897,0,-4.918,1,0.0488,0.0103,0.0,0.612,0.684,148.726,167067,4
128,7EZC6E7UjZe63f1jRmkWxt,The Cranberries,Zombie,rock,0.309,0.649,7,-8.994,1,0.035,0.0158,0.00591,0.367,0.312,166.915,306440,4
129,0COqiPhxzoWICwFCS4eZcp,Evanescence,Bring Me To Life,rock,0.331,0.943,4,-3.188,0,0.0698,0.00721,2.06e-06,0.242,0.296,94.612,235893,4
130,39shmbIHICJ2Wxnk1fPSdz,The Clash,Should I Stay or Should I Go - Remastered,rock,0.743,0.836,2,-6.465,1,0.116,0.0804,0.0,0.384,0.82,113.375,188987,4
131,3YRCqOhFifThpSRFJ1VWFM,Guns N' Roses,November Rain,rock,0.294,0.641,11,-9.316,1,0.0291,0.0163,0.22,0.112,0.226,79.759,536067,4
132,6L89mwZXSOwYl76YXfX13s,Green Day,Basket Case,rock,0.442,0.943,3,-3.205,1,0.0602,0.00293,8.71e-06,0.091,0.781,85.064,181533,4
133,59WN2psjkt1tyaxjspN8fp,Rage Against The Machine,Killing In The Name,rock,0.466,0.833,7,-4.215,1,0.304,0.0266,0.0,0.0327,0.661,88.785,313573,4
134,57bgtoPSgt236HzfBOd8kj,AC/DC,Thunderstruck,rock,0.502,0.89,4,-5.175,1,0.0364,0.000147,0.0117,0.217,0.259,133.52,292880,4
135,64BbK9SFKH2jk86U3dGj2P,Red Hot Chili Peppers,Otherside,rock,0.458,0.795,0,-3.265,1,0.0574,0.00316,0.000202,0.0756,0.513,123.229,255373,4
136,63T7DJ1AFDD6Bn8VzG6JE8,The Rolling Stones,"Paint It, Black",rock,0.464,0.795,1,-9.267,1,0.0926,0.0493,0.00244,0.399,0.612,158.691,202267,4
137,6GG73Jik4jUlQCkKg9JuGO,Jimmy Eat World,The Middle,rock,0.643,0.849,2,-5.428,1,0.0526,0.0371,0.0,0.058,0.903,162.152,165853,4
138,0gmbgwZ8iqyMPmXefof8Yf,Nickelback,How You Remind Me,rock,0.446,0.764,10,-5.042,1,0.033,0.00135,0.0,0.099,0.543,172.094,223840,4
139,4aVuWgvD0X63hcOCnZtNFA,TOTO,Hold the Line,rock,0.473,0.898,6,-4.797,0,0.0561,0.00783,0.0618,0.173,0.808,96.556,235547,4
140,5ghIJDpPoe3CfHMGu71E6T,Nirvana,Smells Like Teen Spirit,rock,0.502,0.912,1,-4.556,1,0.0564,2.55e-05,0.000173,0.106,0.72,116.761,301920,4
141,54bm2e3tk8cliUz3VSdCPZ,Metallica,Master of Puppets (Remastered),rock,0.539,0.828,4,-9.108,0,0.035,0.00067,0.421,0.154,0.562,105.25,515387,4
142,6ZOBP3NvffbU4SZcrnt1k6,3 Doors Down,Kryptonite,rock,0.545,0.865,11,-5.708,0,0.0286,0.00664,1.1e-05,0.168,0.543,99.009,233933,4
143,2MLHyLy5z5l5YRp7momlgw,Weezer,Island In The Sun,rock,0.654,0.81,4,-6.26,0,0.0288,0.00719,0.00251,0.165,0.661,114.623,200307,4
144,6nTiIhLmQ3FWhvrGafw2zj,Green Day,American Idiot,rock,0.38,0.988,1,-2.042,1,0.0639,2.64e-05,7.86e-05,0.368,0.769,186.113,176346,4
145,3ovjw5HZZv43SxTwApooCM,Scorpions,Wind Of Change,rock,0.452,0.524,0,-10.108,1,0.0351,0.315,0.0,0.103,0.246,151.505,312360,4
146,7snQQk1zcKl8gZ92AnueZW,Guns N' Roses,Sweet Child O' Mine,rock,0.446,0.952,6,-5.321,1,0.0523,0.0901,0.0857,0.112,0.624,125.303,356067,4
147,7N3PAbqfTjSEU1edb2tY8j,Van Halen,Jump - 2015 Remaster,rock,0.572,0.835,0,-6.219,1,0.0317,0.171,0.000377,0.0702,0.795,129.981,241600,4
148,4gvea7UlDkAvsJBPZAd4oB,Don Henley,The Boys Of Summer,rock,0.516,0.549,6,-13.741,1,0.0373,0.501,0.00572,0.184,0.907,176.941,288733,4
149,7x8dCjCr0x6x2lXKujYD34,Foo Fighters,The Pretender,rock,0.433,0.959,9,-4.04,1,0.0431,0.000917,0.0,0.028,0.365,172.984,269373,4
150,7wCmS9TTVUcIhRalDYFgPy,Pixies,Where Is My Mind? - Remastered,rock,0.519,0.441,4,-14.178,1,0.0353,0.0204,0.000453,0.076,0.25,81.334,234973,4
151,5tVA6TkbaAH9QMITTQRrNv,Tom Petty,Free Fallin',rock,0.623,0.449,5,-13.333,1,0.0253,0.212,0.0,0.0613,0.572,84.383,256000,4
152,5QLHGv0DfpeXLNFo7SFEy1,The Smashing Pumpkins,1979 - Remastered 2012,rock,0.767,0.787,3,-9.897,1,0.0331,0.0163,0.583,0.0513,0.964,126.879,266200,4
153,0hCB0YR03f6AmQaHbwWDe8,Led Zeppelin,Whole Lotta Love - 1990 Remaster,rock,0.412,0.902,9,-11.6,1,0.405,0.0484,0.131,0.405,0.422,89.74,333893,4
154,3K4HG9evC7dg3N0R9cYqk4,Linkin Park,One Step Closer,rock,0.492,0.969,9,-4.419,1,0.0491,0.0014,1.32e-06,0.0787,0.538,95.136,157333,4
155,3VqHuw0wFlIHcIPWkhIbdQ,Metallica,Enter Sandman (Remastered),rock,0.566,0.834,6,-8.412,0,0.0298,0.00277,0.008,0.0625,0.621,123.296,331560,4
156,2PzU4IB8Dr6mxV3lHuaG34,The Rolling Stones,(I Can't Get No) Satisfaction - Mono Version,rock,0.723,0.863,2,-7.89,1,0.0338,0.0383,0.0317,0.128,0.931,136.302,222813,4
157,2aoo2jlRnM3A0NyLQqMN2f,Jimi Hendrix,All Along the Watchtower,rock,0.438,0.805,8,-6.237,1,0.0624,0.00255,5.69e-05,0.0842,0.564,113.253,240800,4
158,6KTv0Z8BmVqM7DPxbGzpVC,KISS,Rock And Roll All Nite,rock,0.654,0.929,1,-5.906,1,0.0998,0.0468,0.0,0.0539,0.902,144.774,168840,4
159,2EoOZnxNgtmZaD8uUmz2nD,Soundgarden,Black Hole Sun,rock,0.35,0.828,6,-5.373,1,0.041,0.000217,0.000161,0.0774,0.147,105.435,318587,4
160,4P5KoWXOxwuobLmHXLMobV,Nirvana,Come As You Are,rock,0.5,0.824,4,-5.846,0,0.0388,0.00016,0.00161,0.0916,0.539,120.125,218920,4
161,1FkoVC85Ds3mFoK0fVqEqP,The Offspring,Self Esteem,rock,0.488,0.862,0,-7.595,1,0.0476,0.0204,0.0,0.359,0.706,104.56,257827,4
162,6OnfBiiSc9RGKiBKKtZXgQ,Starship,We Built This City,rock,0.661,0.908,5,-4.897,1,0.039,0.052,0.0,0.0708,0.656,144.091,296080,4
163,2olVm1lHicpveMAo4AUDRB,Huey Lewis & The News,The Power Of Love,rock,0.768,0.829,5,-5.109,1,0.0313,0.0964,2.92e-05,0.097,0.962,118.773,234333,4
164,1L94M3KIu7QluZe63g64rv,Pearl Jam,Alive,rock,0.284,0.875,11,-6.069,0,0.0422,0.00752,0.000461,0.402,0.595,75.009,340907,4
165,6txWz9UapYHVxEd7dDIHXT,Blind Melon,No Rain,rock,0.389,0.476,9,-9.342,1,0.0316,0.619,5.09e-05,0.255,0.566,148.117,217107,4
166,3Cx4yrFaX8CeHwBMReOWXI,Billy Joel,We Didn't Start the Fire,rock,0.712,0.967,7,-5.206,1,0.047,0.0771,0.0,0.356,0.895,145.024,287733,4
167,5z6xHjCZr7a7AIcy8sPBKy,Alien Ant Farm,Smooth Criminal,rock,0.653,0.964,9,-4.261,0,0.0582,0.00316,0.00512,0.144,0.87,126.928,209267,4
168,305WCRhhS10XUcH6AEwZk6,Jet,Are You Gonna Be My Girl,rock,0.613,0.953,2,-3.435,1,0.0855,0.00148,0.000582,0.152,0.537,105.046,213800,4
169,3qiyyUfYe7CRYLucrPmulD,The Who,Baba O'Riley,rock,0.489,0.724,5,-8.367,1,0.0352,0.313,0.185,0.287,0.15,117.292,300400,4
170,5FZxsHWIvUsmSK1IAvm2pp,Foo Fighters,Best of You,rock,0.366,0.94,1,-5.119,0,0.0696,0.000769,9.42e-05,0.188,0.369,130.198,255627,4
171,43DeSV93pJPT4lCZaWZ6b1,Thin Lizzy,The Boys Are Back In Town,rock,0.445,0.706,8,-9.803,1,0.0461,0.234,0.000252,0.205,0.768,80.823,266720,4
172,45Ia1U4KtIjAPPU7Wv1Sea,Lenny Kravitz,Are You Gonna Go My Way,rock,0.619,0.67,11,-10.322,0,0.0353,0.00165,0.0109,0.331,0.777,129.269,211933,4
173,776AftMmFFAWUIEAb3lHhw,Måneskin,ZITTI E BUONI,rock,0.625,0.939,4,-3.115,0,0.0669,0.00138,0.0,0.424,0.644,102.999,194787,4
174,0tZ3mElWcr74OOhKEiNz1x,Rage Against The Machine,Bulls On Parade,rock,0.412,0.919,5,-7.291,1,0.184,0.0124,0.0601,0.424,0.572,166.367,229467,4
175,1bp2IO61zbQrbWNmKKxg3f,Steve Miller Band,The Joker,rock,0.596,0.448,5,-9.616,1,0.0396,0.365,5.3e-06,0.206,0.796,83.293,264504,4
176,0lP4HYLmvowOKdsQ7CVkuq,Thirty Seconds To Mars,The Kill,rock,0.179,0.912,4,-3.881,0,0.0791,0.0014,0.000294,0.582,0.289,182.99,231533,3
177,0G21yYKMZoHa30cYVi1iA8,Guns N' Roses,Welcome To The Jungle,rock,0.453,0.987,8,-4.485,1,0.0889,0.0195,0.283,0.268,0.316,123.544,273480,4
178,6GtX0jaNL8IjVQfrDBx81z,The Smashing Pumpkins,Bullet With Butterfly Wings - Remastered 2012,rock,0.404,0.72,10,-9.18,0,0.0623,5.59e-05,0.836,0.0466,0.475,121.864,258467,4
179,2avKuMN2QXkaG9vvHa2JLt,Limp Bizkit,Take A Look Around,rock,0.425,0.852,11,-5.607,1,0.046,0.0175,0.306,0.0935,0.512,101.968,321040,4
180,4KfSdst7rW39C0sfhArdrz,Heart,Barracuda,rock,0.548,0.691,4,-13.553,0,0.0369,0.015,0.106,0.144,0.667,137.145,261933,4
181,15BQ7vEDv2LJuh8TxWIhtd,Iggy Pop,The Passenger,rock,0.498,0.889,0,-5.413,1,0.0546,0.0947,1.62e-06,0.733,0.696,134.88,283360,4
182,6eN1f9KNmiWEhpE2RhQqB5,Guns N' Roses,Paradise City,rock,0.268,0.98,11,-5.958,1,0.103,0.0192,0.00709,0.182,0.395,100.315,405600,4
183,2vz1CsL5WBsbpBcwgboTAw,Kenny Loggins,"Footloose - From ""Footloose"" Soundtrack",rock,0.583,0.905,2,-6.132,1,0.0733,0.0984,0.00019,0.0593,0.646,173.982,226827,4
184,7tFiyTwD0nx5a1eklYtX2J,Queen,Bohemian Rhapsody - Remastered 2011,rock,0.392,0.402,0,-9.961,0,0.0536,0.288,0.0,0.243,0.228,143.883,354320,4
185,1UBQ5GK8JaQjm5VbkBZY66,ZZ Top,Sharp Dressed Man - 2008 Remaster,rock,0.601,0.859,5,-5.263,1,0.0276,0.000359,0.00124,0.0871,0.446,125.145,258027,4
186,3qT4bUD1MaWpGrTwcvguhb,Led Zeppelin,Black Dog - Remaster,rock,0.437,0.864,4,-7.842,0,0.0904,0.396,0.0314,0.242,0.749,81.394,295387,4
187,58XWGx7KNNkKneHdprcprX,Scorpions,Rock You Like A Hurricane,rock,0.482,0.617,4,-12.931,0,0.0458,0.00543,0.000146,0.284,0.718,125.697,252493,4
188,0Puj4YlTm6xNzDDADXHMI9,Beastie Boys,Sabotage,rock,0.324,0.938,6,-7.332,0,0.102,0.032,0.0321,0.0961,0.543,168.131,178440,4
189,5XcZRgJv3zMhTqCyESjQrF,Alice Cooper,Poison,rock,0.28,0.908,2,-5.509,0,0.109,0.0327,8.85e-06,0.18,0.26,118.698,270080,4
190,14XWXWv5FoCbFzLksawpEe,The Doors,Riders on the Storm,rock,0.55,0.722,11,-11.729,0,0.0283,0.25,0.0129,0.11,0.716,103.886,434720,4
191,57JVGBtBLCfHw2muk5416J,Queen,Another One Bites The Dust - Remastered 2011,rock,0.933,0.528,5,-6.472,0,0.162,0.112,0.329,0.163,0.756,109.975,214653,4
192,6qLEOZvf5gI7kWE63JE7p3,Stone Temple Pilots,Interstate Love Song - 2019 Remaster,rock,0.215,0.927,9,-7.327,1,0.0452,0.000273,0.00661,0.126,0.49,170.814,194853,4
193,5p3JunprHCxClJjOmcLV8G,Lou Reed,Walk On the Wild Side,rock,0.575,0.318,0,-16.729,1,0.109,0.683,0.000202,0.0934,0.385,104.522,254173,4
194,5sFDReWLrZHLFZFjHsjUTS,Alice In Chains,Would?,rock,0.305,0.833,6,-7.981,1,0.0398,0.000327,2.36e-05,0.091,0.586,100.675,206773,4
195,0RdUX4WE0fO30VnlUbDVL6,Scorpions,Still Loving You,rock,0.282,0.605,6,-4.916,0,0.0294,0.0047,0.00144,0.103,0.0783,103.929,403453,4
196,5G1sTBGbZT5o4PNRc75RKI,The Black Keys,Lonely Boy,rock,0.356,0.872,2,-7.837,1,0.068,0.00417,0.00975,0.0997,0.607,166.3,193653,4
197,77NNZQSqzLNqh2A9JhLRkg,Journey,Don't Stop Believin',rock,0.491,0.802,4,-7.106,1,0.0392,0.25,0.0,0.387,0.472,119.25,248907,4
198,1Y373MqadDRtclJNdnUXVc,Black Sabbath,Paranoid - 2012 - Remaster,rock,0.412,0.658,4,-12.051,0,0.0708,4.52e-05,0.000774,0.176,0.454,163.071,168406,4
199,3ZZq9396zv8pcn5GYVhxUi,Men At Work,Down Under,rock,0.739,0.459,11,-14.42,0,0.0294,0.129,0.0194,0.0474,0.892,107.115,222320,4
200,6kooDsorCpWVMGc994XjWN,Ram Jam,Black Betty,rock,0.465,0.907,11,-6.404,0,0.113,0.0241,0.00118,0.13,0.681,117.293,238973,4
201,6ToM0uwxtPKo9CMpbPGYvM,The Doors,Break on Through (To the Other Side),rock,0.421,0.751,9,-9.584,1,0.0472,0.2,0.0,0.17,0.789,89.839,145867,4
202,2aIB1CdRRG7YLBu9hNw9nR,Marilyn Manson,The Beautiful People,rock,0.621,0.834,10,-10.068,0,0.0557,0.000779,0.456,0.0611,0.937,143.973,218827,4
203,0LAcM6I7ijW4VVW0aytl1t,Metallica,One (Remastered),rock,0.438,0.687,7,-9.15,1,0.0619,0.000668,0.0801,0.42,0.426,103.01,446146,3
204,2RaA6kIcvomt77qlIgGhCT,Judas Priest,Breaking the Law,rock,0.362,0.961,2,-5.664,1,0.0857,0.024,9.35e-06,0.159,0.491,164.019,153840,4
205,4vpeKl0vMGdAXpZiQB2Dtd,Jefferson Airplane,White Rabbit,rock,0.551,0.293,2,-12.503,1,0.0272,0.486,0.000273,0.0864,0.322,106.798,150640,4
206,11IzgLRXV7Cgek3tEgGgjw,Queen & David Bowie,Under Pressure - Remastered 2011,rock,0.671,0.711,2,-7.813,1,0.0478,0.422,0.0,0.104,0.466,113.809,248440,4
207,3IyCL4Em1GOpNGDf451Hg1,The Struts,Could Have Been Me,rock,0.541,0.907,4,-4.512,1,0.0642,0.0158,0.000185,0.34,0.434,80.029,187653,4
208,0OBwxFLu6Yj61s2OagYbgY,ZZ Top,Gimme All Your Lovin',rock,0.63,0.788,5,-6.7,1,0.0298,0.00322,0.0237,0.0883,0.63,120.059,241080,4
209,1kPBT8S2wJFNAyBMnGVZgL,Etta James,I'd Rather Go Blind,blues,0.477,0.433,11,-6.473,0,0.0247,0.689,0.000195,0.151,0.611,82.52,156653,3
210,1a2iF9XymafjRk56q7oCxo,Stevie Ray Vaughan,Pride and Joy,blues,0.427,0.626,8,-11.821,1,0.0385,0.0274,0.00395,0.106,0.743,126.877,219587,4
211,2Mr1bGI2E10K7Mt1UJZ6Mw,John Lee Hooker,Boom Boom,blues,0.441,0.455,10,-14.207,1,0.0485,0.62,0.00187,0.135,0.918,160.9,152351,4
212,58PSYdY0GFg0LFb2PxYk4T,Muddy Waters,Mannish Boy,blues,0.598,0.735,2,-10.882,1,0.0973,0.44,0.000215,0.681,0.615,111.129,321133,3
213,4NQfrmGs9iQXVQI9IpRhjM,B.B. King,The Thrill Is Gone,blues,0.547,0.46,11,-8.759,0,0.0256,0.344,0.442,0.0983,0.543,90.768,324733,4
214,2HUZVffVPXvqnrml0gXggp,Howlin' Wolf,Smokestack Lightnin',blues,0.661,0.342,9,-16.361,0,0.043,0.844,0.000128,0.26,0.588,146.118,188400,4
215,2wnjZXcAT3rCjjqxLeHjv7,Freddie King,Going Down,blues,0.565,0.526,0,-11.352,1,0.0365,0.0339,0.000119,0.11,0.637,167.936,204333,4
216,4qYHnP5AmKzXbJhciPV8si,"Bobby ""Blue"" Bland",Ain't No Love In The Heart Of The City - Single Version,blues,0.518,0.376,9,-18.248,0,0.0431,0.933,0.86,0.0976,0.744,158.089,233560,4
217,4KMXlzvtC8xjLseDqDjpeU,Little Walter,My Babe,blues,0.676,0.334,5,-10.572,1,0.0508,0.862,0.0,0.32,0.867,158.0,162040,4
218,3XxBSvDZKH5YvZZjTpn6eR,Jimi Hendrix,Red House,blues,0.277,0.479,5,-8.483,0,0.0495,0.585,0.0224,0.16,0.483,53.905,230360,4
219,3ocm1Cf1Dk1ODrdBdybh82,Albert King,Born Under A Bad Sign - Mono Mix,blues,0.711,0.483,11,-11.211,1,0.0298,0.434,0.012,0.0284,0.884,91.652,169998,4
220,5x7Oxaa9EEIx9nw17CC5yW,B.B. King,Chains And Things,blues,0.56,0.241,4,-15.385,0,0.0314,0.593,0.195,0.122,0.341,79.537,293733,4
221,1yKah8BCP3Vgq2tPBOLKL0,John Mayall & The Bluesbreakers & Eric Clapton,All Your Love - Stereo,blues,0.321,0.625,2,-5.219,0,0.0302,0.491,5.08e-05,0.345,0.777,107.338,212600,4
222,5Oc0vLGWdEWeCqIU8zyELt,Big Mama Thornton,Hound Dog,blues,0.563,0.542,9,-10.862,1,0.0962,0.706,3.59e-05,0.355,0.785,133.285,181000,4
223,3E0VKSvZp76kvBU2WwwBul,Taj Mahal,Leaving Trunk,blues,0.542,0.502,3,-10.607,0,0.0515,0.195,0.00812,0.174,0.948,174.11,289560,4
224,760clbeDBWmBsBLbszWuNZ,Bo Diddley,I'm A Man,blues,0.513,0.546,0,-15.672,1,0.0391,0.333,0.0,0.17,0.834,85.527,164547,4
225,2ROJOb98GorxStuOuZWcGd,Derek & The Dominos,Have You Ever Loved A Woman?,blues,0.303,0.648,0,-6.795,1,0.0512,0.642,0.053,0.407,0.644,170.379,412960,3
226,5MTsZG10E0hTvAkdioyPnw,Buddy Guy & Bonnie Raitt,Feels Like Rain (feat. Bonnie Raitt),blues,0.572,0.348,0,-13.454,1,0.0294,0.44,0.000721,0.235,0.34,73.304,275267,4
227,0h06YSqzwbAU9ZDuIvw8pk,Bonnie Raitt,Love Me Like a Man - 2008 Remaster,blues,0.595,0.525,11,-11.582,0,0.0499,0.3,3.15e-05,0.197,0.826,124.569,192200,4
228,2Qj1FilGsXITZbFVmVeoLy,Freddie King,I'm Tore Down,blues,0.64,0.496,2,-11.124,1,0.0413,0.616,4.63e-05,0.183,0.954,116.632,253333,4
229,6kucNn22HB0qb2ZPa1BrNl,Albert Collins,"Cold, Cold Feeling",blues,0.713,0.281,3,-11.057,0,0.0379,0.137,0.0258,0.111,0.397,148.301,318840,3
230,2bIfM0ZOF4gxK1BeqH3Djm,B.B. King,Why I Sing The Blues,blues,0.792,0.495,0,-11.603,1,0.0527,0.239,0.00175,0.074,0.719,118.066,517400,4
231,6f3OYG5R630tjwFIHIE7j2,The Fabulous Thunderbirds,Scratch My Back,blues,0.775,0.499,4,-7.181,1,0.0415,0.496,0.0219,0.114,0.862,121.056,232707,4
232,3YGsgJqtIWKjMjZtKLk11Z,Johnny Winter,Be Careful With a Fool,blues,0.294,0.736,7,-7.961,0,0.151,0.282,0.0418,0.102,0.753,208.576,314880,3
233,1cXc92MX9kFjMrrDsvdf9w,Koko Taylor,Wang Dang Doodle,blues,0.648,0.544,1,-8.963,1,0.179,0.343,2.93e-06,0.087,0.619,153.063,182827,4
234,2FtX5tOFUVOyjcGQiuGR8f,Buddy Guy,"Damn Right, I've Got the Blues",blues,0.353,0.921,2,-5.64,1,0.0758,0.0488,0.065,0.314,0.526,145.589,271653,3
235,31GIhpOQpKCzlnuPn03pBQ,Champion Jack Dupree,Junker's Blues,blues,0.779,0.155,5,-21.57,1,0.112,0.856,7.82e-06,0.0974,0.696,103.251,192707,4
236,5MVMARaMoclifNmBtPu0dD,Stevie Ray Vaughan,Love Struck Baby,blues,0.548,0.874,8,-10.147,1,0.0463,0.279,0.0463,0.173,0.966,172.129,141933,4
237,7mNFrf8IfgaWMFCz64CtK4,John Lee Hooker,Boogie Chillen,blues,0.679,0.367,4,-6.946,1,0.0534,0.857,0.0181,0.103,0.406,148.959,189640,4
238,4c0Mgs559lG4sPiEC3XcxY,B.B. King,To Know You Is To Love You,blues,0.872,0.384,0,-16.204,1,0.0388,0.418,0.317,0.0687,0.938,102.597,515000,4
239,2mVp83pLkWJN03Ha8Txydf,Etta James,"Do Right Woman, Do Right Man",blues,0.449,0.412,2,-7.19,1,0.0297,0.581,7.01e-06,0.452,0.432,144.185,178440,3
240,36ccrof5DFicLrejE4hEye,Jimmy Rogers,Walking By Myself,blues,0.621,0.519,11,-13.328,0,0.102,0.837,0.00246,0.162,0.775,117.005,167267,4
241,61K6lqGyrl2Aerk0LjAZem,Muddy Waters,Rollin' Stone,blues,0.629,0.0192,4,-19.952,1,0.0833,0.989,4.3e-05,0.106,0.335,169.254,188160,4
242,1TRIYxcVJYPki5AX2hZzZT,Luther Allison,Bad News Is Coming,blues,0.639,0.496,1,-6.844,0,0.0375,0.713,0.254,0.0545,0.467,140.394,445533,3
243,4Gia17DzXBhYFbYiJj6SyW,Otis Rush,Working Man,blues,0.633,0.625,0,-10.951,1,0.0436,0.492,0.000418,0.204,0.841,103.355,147800,4
244,3gg0xEc2b4eEbYySLmfFU1,T-Bone Walker,Mean Old World,blues,0.73,0.235,0,-15.276,1,0.0355,0.527,0.0112,0.0663,0.624,87.226,247373,4
245,1cRTAPP2FG9h2WiYMOIVIK,Elmore James,The Sky Is Crying,blues,0.294,0.611,2,-6.268,1,0.0348,0.0226,0.435,0.114,0.567,178.191,166400,3
246,57W5o6ojTFtydDMZ0mDDB3,Little Walter,Juke,blues,0.566,0.657,4,-10.33,1,0.0693,0.751,0.896,0.156,0.643,145.359,164893,4
247,35X1ucjCm7rHK80qJ413ci,Fenton Robinson,Somebody Loan Me A Dime,blues,0.69,0.584,3,-8.864,1,0.0746,0.47,2.46e-05,0.297,0.809,118.017,179693,3
248,0RTjFVHvqjTdpX2NawwyXI,Freddie King,Stumble,blues,0.678,0.612,4,-9.764,1,0.0339,0.101,0.318,0.164,0.857,118.381,216627,4
249,2hv2NiSq8p4pgL28pxcqAJ,Allman Brothers Band,Trouble No More,blues,0.556,0.567,9,-11.426,0,0.0333,0.0581,0.00143,0.0907,0.858,141.345,227751,4
250,1sxtxIKhRiQwuGpUwHoEHq,Cream,Crossroads - Live,blues,0.378,0.756,7,-11.073,1,0.0673,0.436,0.0351,0.867,0.838,131.577,255600,4
251,5goa9CsIDXc9G0Df9dL9ft,Buddy Guy,Stone Crazy,blues,0.447,0.464,2,-11.622,1,0.12,0.807,0.000118,0.249,0.62,175.465,431853,3
252,3Gq3uFAdJltar4ddwboPby,Willie Dixon,Little Red Rooster,blues,0.584,0.278,4,-18.566,1,0.0312,0.55,0.21,0.255,0.75,81.712,215027,4
253,2Cg3GUkhjX96nO4p2WRlIa,Junior Wells,She's A Sweet One,blues,0.705,0.483,1,-12.209,1,0.0542,0.15,0.0265,0.202,0.713,122.863,181786,4
254,1HRx7dciQYCv76XvbBDAGM,Albert Collins,T-Bone Shuffle,blues,0.537,0.695,11,-9.88,1,0.0377,0.00393,0.188,0.084,0.77,131.307,295693,4
255,2r6Ve8kNEzqg3u45UL0muX,Professor Longhair,Big Chief - Remastered,blues,0.56,0.73,1,-5.69,1,0.0362,0.219,0.144,0.179,0.963,151.594,194667,4
256,6y5eBHh57iYViDkK4Hn6R7,Fleetwood Mac,Black Magic Woman - 2018 Master,blues,0.457,0.412,7,-11.138,0,0.0369,0.0516,4.35e-05,0.275,0.44,129.423,172693,4
257,0WvSYVnEXD7QLa5pDJ920S,Albert King,Crosscut Saw - Mono Mix,blues,0.84,0.412,1,-14.23,1,0.056,0.0217,0.784,0.041,0.963,122.807,156398,4
258,79lwbvYgFFw3eNbBx4bBRw,Earl Hooker,Two Bugs and a Roach,blues,0.523,0.568,9,-12.584,1,0.0751,0.652,0.00534,0.1,0.813,135.448,259760,4
259,2PcbVKT28p9mOlWBDL371J,Willie Dixon,I Can't Quit You Baby,blues,0.469,0.236,7,-16.981,1,0.0364,0.407,0.0434,0.215,0.415,82.232,399173,4
260,65VzqBb5ogD2xIFD8jetMG,Muddy Waters,Got My Mojo Working,blues,0.519,0.779,4,-9.159,1,0.0648,0.573,8.13e-05,0.286,0.888,113.487,173040,4
261,73GEVn1tqk9bn0KbtWsiqj,Magic Sam,All Your Love,blues,0.433,0.7,11,-8.197,1,0.163,0.843,0.324,0.102,0.8,80.623,176186,4
262,6tilCYbheGMHo3Hw4F22hF,Lafayette Leake,Short Dressed Woman,blues,0.767,0.496,10,-11.399,1,0.0307,0.237,0.0723,0.0853,0.751,110.932,252133,4
263,1i7nQGgwloILcp6ZftH2Qa,T-Bone Walker,Call It Stormy Monday,blues,0.606,0.301,0,-11.402,1,0.0423,0.545,0.00194,0.0419,0.457,100.979,183027,4
264,1ekio2Gk6WycLArAUJZfxM,Mike Bloomfield,Albert's Shuffle,blues,0.303,0.492,0,-10.716,1,0.039,0.197,0.63,0.288,0.677,200.018,414960,3
265,6ECnAHxGQilDe32zQqfdz3,Earl Hooker,You Don't Want Me,blues,0.593,0.464,7,-16.925,1,0.0374,0.509,0.000214,0.166,0.763,113.001,316667,4
266,7p5Xpx7dd9wSPJF4Q4Nfbu,Clarence Carter,Part Time Love,blues,0.686,0.593,0,-10.078,1,0.0597,0.468,2.19e-05,0.352,0.946,92.82,159707,4
267,7pzDaHQx6WFWtdx9PLPxcx,Otis Rush,Double Trouble,blues,0.566,0.424,7,-8.689,0,0.0392,0.669,0.00456,0.175,0.431,105.768,163440,1
268,0tYJ6uY0ETQOtOM8KySMSp,Johnny Winter,Mean Mistreater,blues,0.554,0.49,9,-8.725,1,0.0267,0.736,0.00728,0.327,0.578,67.591,232453,4
269,227N0C668UQBiN3T4HFzoQ,Albert Collins,Blue Monday Hangover - Remastered,blues,0.397,0.684,0,-5.843,1,0.0722,0.0742,0.0293,0.0689,0.72,180.523,334400,3
270,3kkCpDqhrOEBf0eOR2igEE,Hound Dog Taylor,Give Me Back My Wig - Remastered,blues,0.641,0.905,9,-6.805,1,0.0542,0.0962,0.00309,0.114,0.789,107.955,214520,4
271,44s75M70lhq25s3CiW0pxq,Luther Allison,Should I Wait,blues,0.638,0.738,9,-9.563,1,0.0271,0.0315,0.000634,0.211,0.816,104.098,304600,3
272,2XBeWZJeIojOrFOfVvn2dF,Son Seals,Sadie,blues,0.502,0.753,11,-9.625,0,0.0395,0.142,0.00824,0.0891,0.927,122.656,367533,4
273,512gC8sU5PxZAFrskHEfzk,Jimmy Dawkins,Little Angel Child,blues,0.5,0.638,2,-7.262,1,0.0461,0.125,0.0285,0.199,0.746,122.621,239267,4
274,7BbQQzr1suaBHpJDXDXIj9,Larry Davis,Texas Flood,blues,0.467,0.277,8,-12.101,1,0.0283,0.89,7.66e-05,0.2,0.535,99.83,163373,3
275,6KSa2Y1HnG0XlPQfEN4Xgi,Lowell Fulson,Reconsider Baby,blues,0.636,0.668,0,-6.857,1,0.0568,0.749,0.00121,0.0555,0.666,94.668,189133,4
276,2uDIGXUD5hLdM7wzyl1PaR,Slim Harpo,I'm A King Bee,blues,0.693,0.454,10,-10.275,0,0.03,0.417,0.000315,0.156,0.914,112.214,183133,4
277,01noJYGB8kT65mi8Pc2Ola,Koko Taylor,I'm A Woman - Remastered,blues,0.489,0.747,10,-8.295,1,0.101,0.0655,9.82e-05,0.0422,0.626,109.799,274440,3
278,50y6y3iwBlKKev2U4a6GK5,Louis Jordan & His Tympany Five,Let The Good Times Roll,blues,0.705,0.401,9,-9.506,0,0.0475,0.812,0.0,0.319,0.649,104.956,167227,4
279,29U7stRjqHU6rMiS8BfaI9,Louis Armstrong,What A Wonderful World,jazz,0.271,0.165,5,-20.652,1,0.0351,0.729,1.6e-06,0.118,0.203,77.082,139227,4
280,3898C4AbdbptwYet6547e5,Stan Getz & João Gilberto & Astrud Gilberto,The Girl From Ipanema,jazz,0.664,0.194,5,-15.487,0,0.0357,0.909,3.85e-05,0.0829,0.443,129.863,321827,4
281,6VTbbVjKOC2qWagIDbkJrC,Nina Simone,My Baby Just Cares for Me - 2013 Remastered Version,jazz,0.746,0.243,4,-15.134,0,0.123,0.829,1.02e-06,0.0905,0.425,118.578,215747,4
282,33jt3kYWjQzqn3xyYQ5ZEh,Ella Fitzgerald & Louis Armstrong,Cheek To Cheek,jazz,0.663,0.264,0,-14.571,1,0.0914,0.706,0.0,0.1,0.657,122.482,354533,4
283,1YQWosTIljIvxAgHWTp7KP,The Dave Brubeck Quartet,Take Five,jazz,0.454,0.26,8,-13.193,0,0.0401,0.539,0.00078,0.0675,0.598,174.322,324133,5
284,30QD4VRP9yEneOh0eGTrtJ,Billie Holiday,Solitude,jazz,0.462,0.15,8,-13.531,1,0.0522,0.984,0.000902,0.105,0.19,98.66,207600,3
285,648TTtYB0bH0P8Hfy0FmkL,Nat King Cole,Unforgettable,jazz,0.349,0.182,5,-13.507,1,0.031,0.92,0.0152,0.143,0.178,136.094,191973,3
286,0F845nujLVqCb0XMZCh5Pc,Chet Baker,I Fall In Love Too Easily,jazz,0.532,0.0657,0,-19.136,0,0.0406,0.94,0.00488,0.0946,0.292,128.607,201440,4
287,2gNjmvuQiEd2z9SqyYi8HH,Louis Armstrong & Ella Fitzgerald,Summertime,jazz,0.172,0.0696,11,-21.295,0,0.0339,0.916,0.00199,0.137,0.103,167.974,298133,5
288,78MI7mu1LV1k4IA2HzKmHe,Ella Fitzgerald & Louis Armstrong,Dream A Little Dream Of Me - Single Version,jazz,0.443,0.104,0,-17.042,1,0.101,0.913,0.0,0.191,0.394,76.497,185160,4
289,0E8q2Fx2XuzXCO2NSAppkR,Duke Ellington & John Coltrane,In A Sentimental Mood,jazz,0.464,0.305,3,-12.435,0,0.0316,0.936,0.0846,0.208,0.282,108.229,255227,4
290,4smkJW6uzoHxGReZqqwHS5,Billie Holiday,I'll Be Seeing You,jazz,0.355,0.0304,1,-20.479,1,0.0361,0.989,0.0555,0.116,0.188,90.495,211533,3
291,2IdwQxhJn9ZE4zIotcCefR,Etta James,Stormy Weather,jazz,0.262,0.356,0,-8.031,0,0.0303,0.613,0.0,0.175,0.426,174.176,187667,3
292,0aWMVrwxPNYkKmFthzmpRi,Miles Davis & John Coltrane & Bill Evans,Blue in Green (feat. John Coltrane & Bill Evans),jazz,0.421,0.0162,2,-25.358,0,0.0388,0.808,0.0024,0.0978,0.154,110.479,337733,4
293,66iKqUazBbTlAEjcZrpDkD,Dinah Washington,What A Diff'rence A Day Made,jazz,0.387,0.117,0,-17.803,1,0.0299,0.925,0.000171,0.109,0.166,93.575,151867,4
294,7ilc2TB1RZXbQJyFs5qCiC,Astrud Gilberto,Fly Me To The Moon,jazz,0.595,0.306,7,-14.404,1,0.0345,0.883,0.000386,0.0733,0.464,133.63,142533,4
295,4l9hml2UCnxoNI3yCdL1BW,Chet Baker,My Funny Valentine,jazz,0.438,0.00756,0,-26.44,0,0.0382,0.941,0.00643,0.109,0.277,133.32,141133,4
296,5y8zb3grlQonjdqd27K39T,Louis Armstrong,A Kiss To Build A Dream On - Single Version,jazz,0.723,0.0811,0,-14.113,1,0.0631,0.779,0.0,0.509,0.36,88.044,181493,4
297,0uPkCpuoERqrkBL06Art50,John Coltrane & Johnny Hartman,My One And Only Love,jazz,0.474,0.0676,9,-16.101,0,0.0363,0.963,0.00291,0.14,0.248,115.713,295240,3
298,2dR5WkrpwylTuT3jRWNufa,Frank Sinatra & Count Basie,Fly Me To The Moon,jazz,0.67,0.365,0,-10.158,1,0.0564,0.525,0.0,0.0575,0.45,119.344,147147,4
299,4SrJyRdyHYxxkcVMQ3QkGE,Stan Getz & João Gilberto & Astrud Gilberto & Antônio Carlos Jobim,Corcovado (Quiet Nights Of Quiet Stars),jazz,0.572,0.152,9,-15.658,0,0.0408,0.961,0.000432,0.136,0.339,127.497,254667,4
300,1pZn8AX1WulW8IO338hE5D,Billie Holiday,Blue Moon,jazz,0.639,0.269,8,-11.435,1,0.0698,0.982,0.12,0.141,0.539,124.866,207827,4
301,4vLYewWIvqHfKtJDk8c8tq,Miles Davis & John Coltrane & Cannonball Adderley & Bill Evans,"So What (feat. John Coltrane, Cannonball Adderley & Bill Evans)",jazz,0.532,0.151,0,-17.266,1,0.0376,0.706,0.00136,0.116,0.211,136.759,562640,4
302,7gHFBNy0Qn86xGKJ9OdFTw,Sarah Vaughan,Misty,jazz,0.224,0.214,2,-14.455,0,0.0348,0.976,0.00094,0.367,0.14,83.906,179373,3
303,0sCeNwt8xRCMR4NhKpMyBe,Herbie Hancock,Cantaloupe Island - Remastered,jazz,0.515,0.583,0,-8.182,0,0.0284,0.749,0.000294,0.123,0.414,116.11,333947,4
304,4ol2UyMTiklHVujAWg02nE,Oscar Peterson Trio,I Got It Bad And That Ain't Good,jazz,0.488,0.0527,5,-27.331,1,0.0478,0.971,0.911,0.0882,0.193,49.689,306227,4
305,373yGkNo74RZgmQgTiR8xK,Ella Fitzgerald & The Delta Rhythm Boys,It's Only A Paper Moon,jazz,0.761,0.103,10,-16.964,1,0.0416,0.944,0.0,0.127,0.53,114.044,160133,4
306,1LGqJ3nvxpVXDWpEzq4DJD,Billie Holiday,All of Me,jazz,0.504,0.0644,2,-14.754,0,0.0408,0.972,4.36e-06,0.174,0.403,106.994,181440,5
307,3yYfoYGVpriV4fG9L1ogsD,Louis Armstrong,La vie en rose - Single Version,jazz,0.558,0.123,0,-10.396,1,0.0525,0.809,0.00121,0.0916,0.341,70.16,206333,4
308,6yKkA8HzwWTZ5taIMaG4Nm,Bill Evans Trio,My Foolish Heart,jazz,0.395,0.121,9,-23.427,1,0.0327,0.935,0.397,0.697,0.139,114.521,297320,4
309,4rmCI9VWrwrJTJ8XQ80BMN,Duke Ellington & John Coltrane,My Little Brown Book,jazz,0.372,0.187,0,-13.497,0,0.0323,0.942,0.139,0.161,0.217,70.334,319733,4
310,4m6OC8u2rC6LMFtFWsME7d,Chet Baker,Time After Time - Vocal Version,jazz,0.501,0.0454,0,-18.783,1,0.0388,0.938,3.76e-05,0.2,0.255,99.783,166760,4
311,1xaTXPoDk4VOU9XhYX4KJM,Stan Getz & Bob Brookmeyer,A Nightingale Sang In Berkeley Square,jazz,0.425,0.0429,1,-24.86,1,0.0408,0.951,0.0184,0.148,0.255,96.097,419627,4
312,34zhjduFdQFhkRUJ230h9T,Billie Holiday,April In Paris,jazz,0.496,0.127,0,-14.211,1,0.0382,0.927,7.07e-05,0.132,0.211,74.746,185587,4
313,0Rk9byjmZksAJX15onGns5,Dinah Washington,Teach Me Tonight,jazz,0.558,0.231,5,-11.436,0,0.0812,0.805,0.0,0.142,0.403,73.103,167493,4
314,1xlyVmdCo5lMRIzuMlAUF7,Julie London,I'm Glad There Is You,jazz,0.492,0.0671,10,-15.671,0,0.0399,0.958,0.000968,0.109,0.165,124.908,147413,4
315,0f2489MzoisF9pKduawvce,Ella Fitzgerald & Louis Armstrong,Autumn In New York,jazz,0.425,0.0469,7,-18.612,0,0.0354,0.955,0.0,0.137,0.154,135.335,356627,4
316,1J9iVCaEriyoMXpj2XszhU,McCoy Tyner,When Sunny Gets Blue,jazz,0.427,0.114,2,-22.546,0,0.0509,0.843,0.863,0.0966,0.114,60.484,282320,4
317,6oSm3mBWFxJHEnjE2IqhmA,Lester Young & Oscar Peterson Trio,There Will Never Be Another You,jazz,0.588,0.0387,0,-17.944,0,0.06,0.978,0.823,0.116,0.342,83.4,205667,4
318,1cpANF6zMBoFoxkoIjZHjv,Bill Evans & Jim Hall,Skating In Central Park,jazz,0.478,0.0294,0,-25.319,1,0.0453,0.993,0.948,0.105,0.148,124.308,324200,3
319,1ZXu0ib26kWfQQngREMcU2,John Coltrane,Giant Steps - 2020 Remaster,jazz,0.417,0.42,0,-13.046,0,0.06,0.186,0.00111,0.185,0.517,147.143,287844,4
320,4gFlHAye7To29Fs4UszQUH,Chet Baker,I Get Along Without You Very Well (Except Sometimes) - Vocal Version,jazz,0.442,0.033,10,-23.063,1,0.041,0.922,0.000171,0.151,0.21,103.34,179640,3
321,6CDQBADsdzJwc3qZ3OPDHH,Red Garland & Paul Chambers & Art Taylor,Almost Like Being In Love,jazz,0.561,0.346,0,-12.596,0,0.0409,0.873,0.399,0.104,0.697,93.689,290293,4
322,016HKF7A4O7tatoJ9BgZM1,John Coltrane Quartet,Say It (Over And Over Again),jazz,0.488,0.124,3,-13.038,1,0.0404,0.963,0.333,0.246,0.205,66.105,255960,4
323,2XzHou7MZzOBQBqjWw86Nt,Nina Simone,Love Me Or Leave Me,jazz,0.572,0.398,0,-10.751,1,0.0376,0.841,4.59e-06,0.128,0.76,86.135,244867,4
324,5DIVWgTeJ2fPIxaY9e7ZKn,Ella Fitzgerald,I've Got A Crush On You,jazz,0.455,0.106,2,-14.086,1,0.0422,0.986,0.0,0.122,0.258,66.807,196440,4
325,3PJMsxg6rz9FOo6xNiASXz,Charles Mingus,Goodbye Pork Pie Hat,jazz,0.356,0.0937,8,-16.64,0,0.0353,0.957,0.096,0.209,0.278,86.669,342373,3
326,6MN6yRVriszuyAVlyF8ndB,Galt MacDermot,Coffee Cold,jazz,0.685,0.472,9,-9.691,0,0.0298,0.785,0.284,0.224,0.475,80.487,205720,4
327,0RNxWy0PC3AyH4ThH3aGK6,Louis Armstrong,Mack the Knife,jazz,0.673,0.377,0,-14.141,1,0.0697,0.586,0.0,0.332,0.713,88.973,201467,4
328,3f9KhpRN6mMYoVnpuozgHD,Bill Evans,Gary's Theme - Remastered,jazz,0.421,0.08,7,-21.795,1,0.04,0.903,0.859,0.135,0.0546,122.044,257693,3
329,3pfbQmD5xGH9Tcc7GqGfSL,Chet Baker,But Not For Me - Vocal Version,jazz,0.626,0.152,5,-14.182,0,0.0405,0.934,6.05e-05,0.12,0.545,82.174,184467,4
330,7Kc3hZoCRTs5dNHU7GqT9x,Lorez Alexandria,Give Me The Simple Life,jazz,0.716,0.133,0,-15.846,1,0.0421,0.879,0.0,0.0966,0.551,62.14,140520,3
331,54h1RKrrFJDsNOfhwmqu9o,Glenn Miller,In the Mood - Live,jazz,0.463,0.654,8,-9.72,1,0.0659,0.824,0.917,0.372,0.592,175.204,209573,4
332,2WMyu5IYgxEuCd6xgFgJrl,Nat King Cole,Nature Boy,jazz,0.203,0.0895,2,-19.755,0,0.0404,0.971,0.0213,0.108,0.115,173.451,173533,1
333,4zPDjRgceGrR0Sm54YDTTf,Lou Donaldson,Autumn Nocturne,jazz,0.539,0.0678,0,-18.039,1,0.0468,0.967,0.168,0.114,0.263,124.105,294667,4
334,4DVu7YgHVJaeN0C7HNpy2q,Alice Coltrane,Turiya & Ramakrishna,jazz,0.418,0.295,6,-14.667,1,0.0303,0.913,0.896,0.248,0.132,109.621,498147,4
335,5vb7At47uO0yPGfmYnAHuw,Miles Davis & John Coltrane & Red Garland & Paul Chambers & Philly Joe Jones,"'Round Midnight (feat. John Coltrane, Red Garland, Paul Chambers & Philly Joe Jones)",jazz,0.494,0.182,10,-11.116,0,0.0443,0.79,0.00036,0.129,0.21,112.689,355333,4
336,6cU4urQRUieTBH08yKHAqj,Charlie Parker,Summertime,jazz,0.339,0.342,7,-7.596,0,0.0313,0.962,0.319,0.162,0.393,132.599,167121,3
337,5FBf12F4ry9TXoZAvISu6F,Wes Montgomery,A Day In The Life,jazz,0.483,0.364,9,-10.78,0,0.0265,0.564,0.299,0.0542,0.349,98.445,349907,4
338,6Kr25pa3pTd4no3yA0EcW1,Betty Carter,This Is Always,jazz,0.417,0.0644,4,-19.687,0,0.0359,0.971,0.000134,0.126,0.138,113.713,191960,4
339,6NF8MZ2trxckVBr82pyyPt,Cannonball Adderley,"Mercy, Mercy, Mercy",jazz,0.544,0.425,10,-10.231,1,0.0346,0.719,0.0186,0.964,0.348,84.443,313200,4
340,2kF9Ijd7I2Kk2P4bYqUmzG,Kenny Burrell,Midnight Blue - Remastered,jazz,0.652,0.356,5,-13.733,0,0.0419,0.546,0.000103,0.132,0.56,148.822,242347,4
341,1CDBaGlisZlOJzvx88lL8A,Horace Silver,Song For My Father,jazz,0.742,0.671,5,-8.142,0,0.0407,0.794,0.00441,0.122,0.591,127.359,438280,4
342,6ZgaUtMlUzUf7SqbUUnfbu,John Coltrane,Blue Train - Remastered 2003/Rudy Van Gelder Edition,jazz,0.506,0.493,8,-7.759,1,0.0427,0.798,0.00355,0.307,0.584,134.77,644013,4
343,4zxd4tiXPlWMqoJltbVTbE,Miles Davis & John Coltrane & Bill Evans,Stella By Starlight (feat. John Coltrane & Bill Evans),jazz,0.47,0.144,10,-12.824,1,0.0365,0.912,0.000118,0.0965,0.243,84.787,284560,4
344,5PocwBP4qm33W4eQSZyVBZ,Oscar Peterson,Stormy Weather,jazz,0.621,0.197,7,-14.483,1,0.0573,0.99,0.878,0.152,0.569,120.194,214000,4
345,7AHF3V7qRPhZV7gzJLZ3CL,Lester Young,These Foolish Things - Remastered 1995,jazz,0.593,0.103,10,-14.961,1,0.081,0.986,0.6,0.12,0.443,66.283,190933,4
346,7yzM0pEseQUpb6BMViOPEA,Yusef Lateef,Love Theme From Spartacus - Remastered,jazz,0.522,0.379,4,-14.096,0,0.0286,0.635,0.925,0.114,0.454,133.698,251600,3
347,38xcUjiTP1ivfb7ObwjyGA,Herbie Hancock,Watermelon Man - Remastered,jazz,0.612,0.526,0,-8.558,0,0.0272,0.727,0.0331,0.183,0.594,129.341,429267,4
348,1sce5VJvCOYYDAR9rp9KdG,Oliver Nelson,Stolen Moments,jazz,0.575,0.187,0,-13.081,0,0.0512,0.927,0.877,0.166,0.342,107.469,525613,4
349,0X5DcGkbxCXSadgj01ZXd7,Cannonball Adderley,Autumn Leaves,jazz,0.535,0.258,7,-9.499,0,0.033,0.768,8.95e-05,0.115,0.281,110.953,659520,4
350,4Vkk3iD1VrENHJEACNddvt,Art Blakey,Moanin' - Remastered,jazz,0.612,0.493,5,-8.589,0,0.0467,0.804,0.266,0.202,0.484,126.358,570720,4
351,1xicvSO4CJ2ymqYgpk7DFh,Miles Davis & John Coltrane & Cannonball Adderley & Red Garland & Paul Chambers & Philly Joe Jones,"Milestones (feat. John Coltrane, Cannonball Adderley, Red Garland, Paul Chambers & Philly Joe Jones)",jazz,0.553,0.546,9,-7.459,0,0.0341,0.439,0.000557,0.167,0.7,118.214,342067,4
352,1wl5b2lw3YagQtZiYZbQWP,Thelonious Monk,'Round Midnight,jazz,0.542,0.32,8,-9.975,1,0.0387,0.907,0.649,0.0609,0.206,116.648,193840,4
353,2kHsFZZipGAI168yh21B0p,John Coltrane,Syeeda's Song Flute - Mono,jazz,0.598,0.187,10,-15.57,0,0.0484,0.643,0.0439,0.0797,0.399,93.216,425582,4
354,5m3XMzewNg9EADweC7j7Nn,Sarah Vaughan & Clifford Brown,Embraceable You,jazz,0.438,0.106,0,-14.939,1,0.0353,0.947,0.000103,0.147,0.0508,118.785,291173,4
355,5FYgwqjjq9kPCMj8yArfTr,Miles Davis Quintet,My Funny Valentine - Rudy Van Gelder Remaster 2007,jazz,0.551,0.119,0,-15.468,0,0.0435,0.924,0.00264,0.119,0.243,70.129,358200,4
356,7GBPpRMtLyGA6svXQMNfIN,Etta Jones,Bye Bye Blackbird,jazz,0.71,0.318,0,-8.948,0,0.0432,0.867,0.00038,0.169,0.58,126.05,194240,4
357,4vWMrM0AwlhRlkAdQtC2zn,The Modern Jazz Quartet,Softly As In A Morning Sunrise,jazz,0.634,0.327,0,-9.703,0,0.0551,0.709,0.0131,0.158,0.498,80.825,209400,4
358,5cAwEKmadsW4nCYe9QUvgU,John Coltrane,Naima - Mono,jazz,0.292,0.012,10,-21.638,0,0.0393,0.905,0.164,0.0813,0.133,170.106,265049,3
359,1wnbi9NzQPBCobZ6OYCpqH,Bill Evans Trio,I Fall In Love Too Easily,jazz,0.476,0.0794,9,-19.166,0,0.0365,0.955,0.872,0.112,0.118,103.181,162680,4
360,1xUJ1mdLAysxNBtO9w3J2g,Benny Goodman,Stompin At The Savoy,jazz,0.525,0.222,10,-11.065,0,0.0373,0.836,0.0799,0.051,0.645,156.364,195533,4
361,4JWfPMjVEh4SusNs8V3gt5,Esbjörn Svensson Trio,From Gagarin's Point of View,jazz,0.635,0.0278,2,-21.504,0,0.0406,0.537,0.872,0.213,0.12,103.016,243333,4
362,38R2EViAkYOFG8ZkG3GLtW,Dizzy Gillespie & Sonny Stitt & Sonny Rollins,On The Sunny Side Of The Street,jazz,0.671,0.352,0,-11.511,1,0.0556,0.532,0.000141,0.11,0.396,120.235,342891,4
363,18A1V1vsy5YgHFqb4galTw,Kenny Burrell,Chitlins Con Carne,jazz,0.803,0.335,8,-13.331,1,0.0451,0.579,0.0128,0.0849,0.786,132.682,330440,4
364,3Gcpi1CwKoQtc8B3H2ZOIX,Lee Konitz & Jimmy Giuffre,Someone To Watch Over Me,jazz,0.419,0.0284,0,-24.09,1,0.0357,0.987,0.586,0.105,0.121,71.502,216360,4
365,4R6rf3KbP45JST6Cr3Enry,Dean Martin,Mean To Me - Remastered/1998,jazz,0.615,0.145,7,-14.283,1,0.0422,0.748,0.0,0.0292,0.505,102.633,130253,4
366,6qqK0oeBRapZn8f9hJJENw,Joe Henderson,Blue Bossa - Remastered,jazz,0.531,0.366,5,-11.697,0,0.0496,0.911,0.88,0.0916,0.785,81.867,482440,4
367,6cRsRBzSaGwfnMMqNSjtFY,Etta Jones,Don't Go To Strangers,jazz,0.497,0.086,7,-13.579,1,0.0443,0.974,0.00106,0.124,0.171,129.332,228360,4
368,6LPqphk2rbt2i63bR2o247,Dizzy Gillespie,All The Things You Are,jazz,0.564,0.0822,8,-17.658,1,0.0453,0.962,0.583,0.11,0.483,127.422,169507,4
369,7ysmJhXFQtiBQlk6EZ6sks,Stanley Turrentine,Journey Into Melody - 2007 Digital Remaster/Rudy Van Gelder Edition,jazz,0.505,0.159,7,-11.235,0,0.0336,0.946,0.0127,0.212,0.196,59.385,295200,4
370,0kUYnVS6z9YhL22l9pDDcB,Ahmad Jamal Trio,Dolphin Dance,jazz,0.478,0.231,4,-18.064,0,0.0302,0.869,0.919,0.101,0.136,74.937,309200,4
371,5z161QQZMgQxSILnv3QoJk,Sarah Vaughan & Clifford Brown,Lullaby Of Birdland,jazz,0.578,0.351,11,-12.432,0,0.101,0.813,0.0,0.123,0.476,122.712,240867,4
372,4f0D7T8yswXUJ62AKLoMtS,Cannonball Adderley,One For Daddy-O - Remastered,jazz,0.616,0.434,5,-7.257,0,0.031,0.581,0.0,0.131,0.404,108.467,505453,4
373,7KsJkshpIjjeIwyKnkhQUc,Frank Sinatra,You Go To My Head - 2020 Mix,jazz,0.147,0.215,3,-14.594,0,0.0346,0.965,0.000928,0.184,0.102,171.46,266800,3
374,10kVwPSRjUYja0EtdqmXHe,Hank Mobley,Dig Dis - Remastered 1999/Rudy Van Gelder Edition,jazz,0.599,0.444,5,-8.648,0,0.044,0.82,0.000474,0.122,0.508,142.81,369387,4
375,6PKCEB5JzjCizpz9hUQcpX,Coleman Hawkins & Ben Webster,It Never Entered My Mind,jazz,0.564,0.097,5,-16.442,1,0.038,0.958,0.0588,0.119,0.393,132.653,346920,4
376,2gG3ivmsfylVXLyIJvLXyN,Alice Coltrane & Pharoah Sanders,Journey In Satchidananda,jazz,0.184,0.543,11,-13.583,0,0.0391,0.016,0.0,0.105,0.211,98.4,396067,3
377,1CRxANVlNyN2IYjarx96gU,Jan Johansson,Visa från Utanmyra,jazz,0.618,0.0772,9,-21.306,0,0.0514,0.975,0.919,0.107,0.36,104.691,273800,4
378,5PXIzyJURVKyO1cwVDuGEK,Stan Getz & Charlie Byrd,O Pato,jazz,0.608,0.387,11,-20.157,0,0.0411,0.86,0.662,0.187,0.809,91.489,149080,4
379,6nRvgo4ySezQKD1D7NIqAu,Dolly Parton,I Will Always Love You,country,0.446,0.142,9,-13.498,1,0.0335,0.96,0.00114,0.101,0.156,135.724,176093,4
380,6foY66mWZN0pSRjZ408c00,Morgan Wallen,Whiskey Glasses,country,0.614,0.68,6,-4.58,1,0.0289,0.369,1.84e-06,0.115,0.707,149.959,234347,4
381,6iy4PoAuZBMvtrlDX4VxC7,George Strait,Check Yes Or No,country,0.708,0.524,5,-12.644,1,0.0352,0.0551,3.21e-06,0.0371,0.69,111.482,200667,4
382,6sxptembJVty4sNtcPMAVz,Shania Twain,Man! I Feel Like A Woman!,country,0.657,0.639,10,-7.527,1,0.0412,0.581,0.0,0.278,0.674,124.882,234493,4
383,5KqldkCunQ2rWxruMEtGh0,Kenny Rogers,The Gambler,country,0.671,0.501,4,-13.119,1,0.0594,0.342,0.0,0.194,0.86,87.04,214880,4
384,1zJRHhb8yN2LyVfNhmlhH0,Kitty Wells,It Wasn't God Who Made Honky Tonk Angels - 1952 Single Version,country,0.624,0.191,9,-11.072,1,0.0301,0.719,0.0,0.358,0.726,137.276,153867,4
385,0ZUo4YjG4saFnEJhdWp9Bt,Carrie Underwood,Before He Cheats,country,0.519,0.749,6,-3.318,0,0.0405,0.271,0.0,0.119,0.29,147.905,199947,4
386,6xHI9KjUjYT0FPtGO8Mxa1,Luke Combs,Hurricane,country,0.464,0.813,10,-6.185,1,0.0416,0.0153,0.0,0.254,0.515,75.977,222533,4
387,1wb4P4F0sxAQ2KXrRvsx6n,Shania Twain,You're Still The One,country,0.585,0.494,3,-8.751,1,0.0353,0.363,0.0,0.0886,0.634,133.822,212200,4
388,23T0OX7QOiIUFShSzbJ5Uo,Gabby Barrett,I Hope,country,0.466,0.536,6,-6.227,1,0.0429,0.0951,0.0,0.114,0.377,75.998,210773,4
389,7nVQ8mo77KaUvhUQzh4vMy,Waylon Jennings & Willie Nelson,Mammas Don't Let Your Babies Grow up to Be Cowboys,country,0.363,0.361,9,-14.398,1,0.0499,0.623,0.00119,0.154,0.612,187.711,152867,3
390,6BkK5Dsu1kTne7Cn6EyYex,The Judds,Why Not Me,country,0.732,0.667,10,-9.278,1,0.0278,0.502,4.07e-06,0.0524,0.727,125.6,211267,4
391,0i5el041vd6nxrGEU8QRxy,Florida Georgia Line,Cruise,country,0.457,0.948,10,-3.364,1,0.0354,0.0191,0.0,0.0536,0.878,148.0,208960,4
392,2SpEHTbUuebeLkgs9QB7Ue,Dolly Parton,Jolene,country,0.674,0.537,1,-10.971,0,0.0363,0.566,0.0,0.131,0.809,110.578,161533,4
393,2lCGAGpqgQIolNfpnycIZk,Keith Whitley,When You Say Nothing at All,country,0.673,0.346,3,-12.803,1,0.0245,0.721,4.48e-06,0.0475,0.396,80.012,222493,4
394,2ulBBx6YQ3qY3ci34RadtN,Trisha Yearwood,She's In Love With The Boy - Single Version,country,0.783,0.698,3,-8.268,1,0.0323,0.522,2.52e-06,0.0754,0.758,124.996,248200,4
395,6zFsz86nAj5gcvzyVqNL3k,Patsy Cline & The Jordanaires,I Fall To Pieces - Single Version,country,0.54,0.0568,10,-20.508,1,0.0351,0.917,1.01e-06,0.12,0.506,111.791,171333,4
396,7mldq42yDuxiUNn08nvzHO,Sam Hunt,Body Like A Back Road,country,0.732,0.458,5,-7.225,1,0.0311,0.447,0.0,0.136,0.661,98.938,165387,4
397,02eD9ymfJOJOhM97HYp5R9,Miranda Lambert,The House That Built Me,country,0.525,0.3,5,-8.005,1,0.0286,0.578,8.3e-06,0.116,0.206,80.993,236627,4
398,5oHHMDcVOmPSFrCgdbHPdb,Alan Jackson & Jimmy Buffett,It's Five O'Clock Somewhere,country,0.713,0.772,2,-6.69,1,0.0372,0.208,0.0,0.211,0.88,125.202,230133,4
399,5kNe7PE09d6Kvw5pAsx23n,Thomas Rhett,Die A Happy Man,country,0.595,0.389,2,-9.245,1,0.0349,0.418,1.39e-06,0.116,0.4,166.052,227427,4
400,1dgWTMoHwTUnQhOQ8SR5fV,Kenny Chesney,American Kids,country,0.782,0.589,0,-7.37,1,0.0803,0.0476,5.84e-06,0.0366,0.849,85.022,182960,4
401,0FtV0YbnnjD7PXpLHFHPhn,Reba McEntire,Fancy,country,0.674,0.517,11,-11.225,1,0.0726,0.226,0.0,0.0697,0.482,94.98,299733,4
402,0VwTeYNjcl30DyQlt3GPe0,Glen Campbell,Rhinestone Cowboy,country,0.644,0.633,0,-8.006,1,0.0261,0.102,6.82e-05,0.227,0.647,115.193,194453,4
403,3y4LxiYMgDl4RethdzpmNe,Faith Hill,Breathe,country,0.529,0.496,7,-9.007,1,0.029,0.173,0.0,0.251,0.278,136.859,250547,4
404,42fw0rxRO2xbesF6mJfd4Y,Dan + Shay,Tequila,country,0.489,0.581,11,-5.731,1,0.0281,0.0312,0.0,0.132,0.494,86.016,196747,4
405,2tpWN4Il5Hk3xPlTQjvkk8,Jo Dee Messina,"Heads Carolina, Tails California",country,0.607,0.815,4,-6.619,1,0.039,0.0471,2.81e-05,0.111,0.57,136.949,209760,4
406,2TR7A4ulH9R1PNwMyd8o8U,Florida Georgia Line & Luke Bryan,This Is How We Roll,country,0.555,0.931,8,-2.969,1,0.0367,0.016,0.0,0.405,0.723,132.085,220907,4
407,59kHPbwyyCApYA8RQQEuXm,Alan Jackson,Chattahoochee,country,0.606,0.706,0,-9.665,1,0.0379,0.362,0.0,0.16,0.819,174.533,148160,4
408,11qh54D0PKkBwelpDxxiEU,Little Big Town,Girl Crush,country,0.5,0.225,0,-10.22,1,0.0302,0.842,0.0,0.112,0.355,173.788,193320,3
409,11EX5yhxr9Ihl3IN1asrfK,Lady A,Need You Now,country,0.587,0.622,4,-5.535,1,0.0303,0.0927,0.000636,0.2,0.231,107.943,277573,4
410,7G6l2FtQyRhQgYgut2I6i8,Toby Keith,As Good As I Once Was,country,0.68,0.87,5,-4.461,1,0.0393,0.266,0.0,0.109,0.646,119.075,227840,4
411,3ODF56f90W3qxDqxHAUi3v,Deana Carter,Strawberry Wine,country,0.558,0.435,1,-6.812,1,0.0264,0.302,0.0,0.0351,0.199,122.385,290467,3
412,3rXCZRMiMZp0feGcYXpwYX,The Chicks,Cowboy Take Me Away,country,0.467,0.622,6,-7.255,1,0.031,0.365,0.00527,0.0982,0.455,164.418,287267,4
413,15DeqWWQB4dcEWzJg15VrN,Taylor Swift,Our Song,country,0.668,0.672,2,-4.931,1,0.0303,0.111,0.0,0.329,0.539,89.011,201107,4
414,1LM5zQv5pBKPyO7rm7Uz6U,Maren Morris,My Church,country,0.517,0.743,9,-4.336,1,0.0363,0.243,3.36e-06,0.107,0.664,76.979,197931,4
415,7B1QliUMZv7gSTUGAfMRRD,Tim McGraw,Live Like You Were Dying,country,0.416,0.546,7,-7.728,1,0.0297,0.492,0.0,0.0845,0.418,159.929,300333,4
416,2fDHuS1PTkHBbCWWZF1ph9,Johnny Cash,"Folsom Prison Blues - Live at Folsom State Prison, Folsom, CA - January 1968",country,0.621,0.524,0,-15.269,1,0.0803,0.0652,0.00199,0.893,0.889,110.586,162653,4
417,0b9djfiuDIMw1zKH6gV74g,Keith Urban,Somebody Like You,country,0.624,0.84,4,-5.768,1,0.0337,0.108,0.000546,0.144,0.656,111.02,323040,4
418,0alXPC11fIucBFD6qcCE94,Charley Pride,Kiss an Angel Good Mornin',country,0.684,0.498,4,-10.836,1,0.03,0.708,0.0,0.365,0.905,131.855,123133,4
419,09qzRI951OVkXGCc33gzcT,Brooks & Dunn,My Maria,country,0.673,0.842,3,-4.627,1,0.0366,0.06,0.000257,0.178,0.898,125.57,208107,4
420,5OusUgzHz6Ulb3GZT7WUo5,Rodney Atkins,Watching You,country,0.625,0.848,2,-4.008,1,0.0314,0.105,0.0,0.23,0.716,137.993,235427,4
421,2p07VcUwRZ5sru3mJ0JogS,Josh Turner,Why Don't We Just Dance,country,0.677,0.776,5,-5.933,1,0.0386,0.42,0.000689,0.0954,0.642,121.834,192800,4
422,3IvcWWehbBcBR4YZxlGM9R,Tim McGraw,"I Like It, I Love It",country,0.643,0.961,0,-5.298,1,0.0315,0.0196,0.0,0.948,0.96,124.027,205707,4
423,5EYWGM3Ns3iYew8ws0FatB,Faith Hill,This Kiss,country,0.398,0.804,11,-5.559,1,0.0451,0.175,0.0,0.181,0.709,186.752,194307,4
424,0p1BcEcYVO3uk4KDf3gzkY,Hunter Hayes,Wanted,country,0.421,0.476,0,-7.692,1,0.0298,0.268,0.0,0.0816,0.3,169.784,228840,4
425,6wycnu8FWXsj68ig7BEot9,Keith Urban,Blue Ain't Your Color,country,0.69,0.416,7,-7.865,1,0.0335,0.617,1.37e-06,0.102,0.479,82.45,230600,3
426,2EoIt9vdgFRNW03u5IvFsQ,Billy Ray Cyrus,Achy Breaky Heart,country,0.8,0.563,9,-10.209,1,0.0303,0.051,0.0,0.0797,0.961,121.808,203373,4
427,6DEaND0SHv3sC11xobZLiy,Sam Hunt,Take Your Time,country,0.558,0.719,11,-5.603,1,0.0419,0.101,0.0,0.212,0.483,158.031,243707,4
428,6H7nDglS6xWpRidbhMwI2L,Dolly Parton,Here You Come Again,country,0.585,0.511,1,-9.37,1,0.0391,0.647,0.007,0.0392,0.552,105.898,179491,4
429,2MiXC2LfpsoeUP5RvMGEQ3,Reba McEntire,The Night The Lights Went Out In Georgia,country,0.428,0.51,7,-11.695,0,0.103,0.52,8.32e-06,0.105,0.393,169.967,257267,4
430,4Pn0JlCUusD2QHjADuOzuV,Tim McGraw,Humble And Kind,country,0.355,0.48,11,-7.31,1,0.0282,0.679,2.28e-06,0.12,0.137,100.956,259267,3
431,5HJqpDspKDKwQpLjvkcIsD,Jason Aldean,Burnin' It Down,country,0.681,0.795,6,-6.652,1,0.049,0.305,9.41e-06,0.109,0.64,135.939,219160,4
432,0B0y2FImat9j9MJTNRZWfW,Miranda Lambert,Automatic,country,0.591,0.703,10,-6.211,1,0.0256,0.0435,2.34e-06,0.145,0.402,95.993,247827,4
433,2wqXQjOmQ9KoBm9Ssgt4Fo,Kelsea Ballerini,Peter Pan,country,0.514,0.659,1,-6.142,1,0.0309,0.0284,0.0,0.266,0.463,76.483,200040,4
434,3lec3CzDPAxsZokPph5w87,Carrie Underwood,"Jesus, Take the Wheel",country,0.359,0.518,2,-3.537,1,0.0302,0.665,0.0,0.106,0.135,76.572,226493,4
435,2op0kDNARK2VHWHntEeH4g,Tim McGraw,Just To See You Smile,country,0.492,0.823,6,-8.526,1,0.0297,0.127,0.0,0.0523,0.702,94.342,215173,4
436,4b0XF7CDpJEBAdVHMw7amV,James Otto,Just Got Started Lovin' You,country,0.705,0.606,7,-7.047,1,0.0243,0.159,0.00149,0.242,0.876,98.001,234640,4
437,3oyByfBYegVEDwYyqx9pRd,Alan Jackson,Don't Rock the Jukebox,country,0.641,0.637,7,-10.92,1,0.0262,0.0495,0.000138,0.267,0.793,147.502,171067,4
438,7Jpclr7tZ6aQXjoKzWXUJV,Crystal Gayle,Don't It Make My Brown Eyes Blue,country,0.736,0.321,6,-13.474,1,0.0444,0.799,0.00897,0.0619,0.342,84.928,157653,4
439,0w9LJae3sVlZlH2CnxTInF,Blake Shelton,God Gave Me You,country,0.483,0.844,2,-5.043,1,0.0314,0.00481,7.29e-05,0.405,0.543,151.977,229533,4
440,5YwgJ6lpZ3SiAQwBEpjqey,Lynn Anderson,Rose Garden,country,0.589,0.501,0,-11.665,1,0.031,0.168,0.0,0.0741,0.969,131.064,175867,4
441,1fmi1hOBtH8xfUiWz4LVtE,Craig Morgan,That's What I Love About Sunday,country,0.6,0.56,8,-6.311,1,0.0325,0.479,0.0,0.111,0.417,139.469,201493,4
442,01CnYyPXMFRzOFVQBU8WMb,Martina McBride,This One's for the Girls,country,0.613,0.801,8,-4.431,1,0.0354,0.0626,1.15e-05,0.124,0.609,126.966,243160,4
443,0ElpjZyX8YBiXuYcDC1Ci9,Mark Wills,19 Somethin' - Greatest Hits Version,country,0.58,0.816,4,-5.165,1,0.0726,0.132,0.0,0.0776,0.814,89.938,200467,4
444,6dGWq08LXuIw6T2oUeHECh,C.W. McCall,Convoy,country,0.68,0.543,5,-14.876,1,0.141,0.857,0.000116,0.0881,0.796,111.62,230600,4
445,4pFNWAU8e8F32NQkMyLAZi,George Strait,"Love Without End, Amen",country,0.645,0.442,9,-12.997,1,0.0256,0.397,0.0,0.121,0.554,88.491,187000,4
446,7wIaLkbQzG6HMnE28etnif,John Michael Montgomery,I Swear,country,0.628,0.496,1,-7.103,1,0.0233,0.242,1.2e-05,0.147,0.266,85.523,262520,4
447,6CkydK3NOAMScIhViRzXoB,Brooks & Dunn,Ain't Nothing 'Bout You,country,0.325,0.887,0,-4.199,1,0.0569,0.144,1.35e-06,0.431,0.705,202.339,199413,4
448,6reuJxDtjebwc9FB6rNpp0,Kenny Chesney,Don't Blink,country,0.604,0.605,4,-8.516,1,0.0352,0.115,1.22e-05,0.305,0.647,147.925,285280,4
449,6iNcyWk5iUEY7P9zeTc5hm,Lonestar,Amazed,country,0.557,0.553,1,-7.954,1,0.0319,0.247,0.0,0.125,0.253,139.821,239987,4
450,7LimFGKop84KMDutqYaNIF,Toby Keith,How Do You Like Me Now?!,country,0.64,0.835,0,-4.806,1,0.0413,0.0726,3.11e-06,0.132,0.704,109.497,205920,4
451,3JWEMzwpcWCvu4Qw1BIbYi,Buck Owens,Act Naturally,country,0.552,0.474,7,-6.847,1,0.0275,0.336,0.0,0.173,0.7,92.156,143693,4
452,3mM14WXoPaLRjjkmxHe99L,Loretta Lynn,Coal Miner's Daughter - Single Version,country,0.604,0.354,9,-14.07,1,0.0313,0.836,0.00474,0.103,0.635,137.349,180960,4
453,3QvOV1QYPPre7gjppKyeON,Joe Diffie,Pickup Man,country,0.709,0.757,7,-7.006,1,0.0408,0.434,0.0,0.336,0.852,140.664,216693,4
454,15TITugVC8RrpLctHXOqT8,Johnny Cash,Daddy Sang Bass,country,0.681,0.638,4,-7.818,1,0.0367,0.699,0.000629,0.0581,0.677,96.882,140440,4
455,5BYOLEoFD1fWokKncxz7BQ,George Strait,You Look So Good In Love,country,0.642,0.233,9,-16.568,1,0.0298,0.435,0.0,0.105,0.333,114.495,193400,3
456,4H2TRR9FjnnIwxGnIt9stO,Clint Black,Killin' Time,country,0.714,0.522,7,-9.773,1,0.0283,0.455,1.02e-05,0.0967,0.69,121.312,168000,4
457,7MYCBhcWtRSJ7YXTfIHlI8,Merle Haggard,Big City,country,0.707,0.401,4,-14.222,1,0.0533,0.275,0.000296,0.201,0.602,136.188,179333,4
458,4dqEzdFAYkj1rjYLVDuTlN,Dolly Parton & Kenny Rogers,Islands In the Stream,country,0.595,0.473,8,-9.828,1,0.0347,0.702,0.0,0.0725,0.716,204.016,249293,4
459,5cCLKP66G2PJEorzYQVXHR,Collin Raye,"Love, Me",country,0.686,0.234,0,-12.646,1,0.0295,0.742,0.0,0.145,0.342,106.581,231507,4
460,5g12xHasIIOu6rNGQ933qT,Vince Gill,When I Call Your Name,country,0.506,0.11,5,-17.615,1,0.0307,0.35,0.00144,0.139,0.208,70.554,255133,3
461,2KEu2z1f7TakR3KY4jGLzl,Alabama,High Cotton,country,0.661,0.581,5,-9.67,1,0.032,0.423,0.0,0.11,0.863,91.11,180320,4
462,73xcnqBwjnGwAlrfBomLP3,Eddie Rabbitt,Every Which Way but Loose - 2009 Remaster,country,0.598,0.483,7,-7.474,1,0.0292,0.458,7.88e-06,0.36,0.452,130.663,171653,4
463,3gP4z9Muyf51JdDyN91upf,Merle Haggard,Fightin Side Of Me,country,0.75,0.451,4,-13.355,1,0.048,0.512,0.0,0.272,0.743,95.483,174667,4
464,2s1gKDfyy4wTv5gzZleWUT,Shenandoah,Two Dozen Roses,country,0.695,0.502,4,-12.01,1,0.0279,0.327,0.0,0.097,0.543,117.083,223613,4
465,6ANPIv5r3vdWntrmFa6H6M,Waylon Jennings,"Luckenbach, Texas (Back to the Basics of Love)",country,0.684,0.45,7,-10.422,1,0.0332,0.704,0.00191,0.243,0.639,102.902,200493,4
466,4EDBgrYqYQ6b50yhJWKsHp,Toby Keith,Should've Been A Cowboy,country,0.579,0.731,7,-5.659,1,0.0323,0.244,0.0,0.297,0.618,133.582,209867,4
467,4raGevWiW8i1gactXulebp,"Hank Williams, Jr. & Reba McEntire & Willie Nelson & Tom Petty",Mind Your Own Business,country,0.568,0.698,9,-4.733,1,0.0436,0.0459,0.0,0.095,0.872,164.371,148440,4
468,1p7hfw8melMsCbaaX36C0v,Ronnie Milsap,Lost In The Fifties Tonight,country,0.492,0.216,5,-16.121,1,0.0283,0.639,6.53e-05,0.0598,0.145,168.817,258347,3
469,5toaXJWnmQCnGRh8eOrEwE,The Judds,Have Mercy,country,0.858,0.66,2,-7.953,1,0.029,0.231,0.0,0.189,0.933,123.299,203733,4
470,70TsRbycWfabtevnripyRu,Vince Gill,Don't Let Our Love Start Slippin' Away,country,0.739,0.717,3,-9.568,1,0.0308,0.417,0.000918,0.334,0.663,113.234,223533,4
471,5EPQbU0wk70Btiu9onZR48,John Anderson,Black Sheep,country,0.596,0.626,7,-12.945,1,0.0634,0.402,0.0,0.0498,0.962,155.556,177693,4
472,1EKiQ1InQXuodp4M1idrng,Kenny Chesney,The Good Stuff,country,0.586,0.675,7,-7.819,1,0.0776,0.26,0.0,0.144,0.473,143.92,199587,4
473,4TMP1aRZUsG8C4HChYtfgC,Conway Twitty,Hello Darlin' - Single Version,country,0.354,0.276,0,-14.999,1,0.0295,0.745,1.35e-06,0.11,0.427,82.787,145867,3
474,5YF3AYlj9vO5DWiFEYUzb5,George Strait,I've Come To Expect It From You,country,0.631,0.547,6,-11.439,1,0.0321,0.274,0.000927,0.105,0.859,153.998,222160,4
475,1jGa3ZVWNhqes22ZoVBfOJ,Buck Owens,My Heart Skips A Beat,country,0.609,0.569,9,-6.359,1,0.0371,0.285,0.0,0.0586,0.787,86.583,148320,4
476,50hbhWWZ5b36hC6x7dh4bP,Red Sovine,Teddy Bear,country,0.59,0.398,1,-16.012,1,0.38,0.781,0.0,0.0683,0.724,109.634,299747,3
477,6yLDMogQVRdVmwlh8uw526,Larry Gatlin & The Gatlin Brothers,All the Gold In California,country,0.471,0.445,2,-12.062,1,0.0456,0.631,0.0,0.163,0.452,113.305,157533,4
478,4ON9pkEiboV83FUHkeIxGp,Randy Travis,It's Just a Matter of Time,country,0.259,0.59,3,-8.343,1,0.0363,0.472,0.00128,0.135,0.474,201.016,235920,3
